鄉鎮市區,交易標的,土地位置建物門牌,土地移轉總面積平方公尺,都市土地使用分區,非都市土地使用分區,非都市土地使用編定,交易年月日,交易筆棟數,移轉層次,總樓層數,建物型態,主要用途,主要建材,建築完成年月,建物移轉總面積平方公尺,建物現況格局-房,建物現況格局-廳,建物現況格局-衛,建物現況格局-隔間,有無管理組織,總價元,單價元平方公尺,車位類別,車位移轉總面積(平方公尺),車位總價元,備註,編號,主建物面積,附屬建物面積,陽台面積,電梯,移轉編號
文山區,房地(土地+建物),臺北市文山區福興路４６巷２弄５號,22.5,住,,,1110206,土地1建物1車位0,一層，平台,四層,公寓(5樓含以下無電梯),住家用,鋼筋混凝土造,,68.61,2,1,1,有,無,10000000,145751,,0.0,0,,RPXNMLLKKHHGFAA37EA,68.61,0.0,0.0,無,
萬華區,房地(土地+建物),臺北市萬華區漢口街二段５１號九樓之５,6.39,商,,,1110208,土地1建物1車位0,九層,十五層,住宅大樓(11層含以上有電梯),住家用,鋼筋混凝土造,1010530,84.19,2,1,1,有,有,17680000,210001,,0.0,0,,RPRNMLPKKHHGFBA17DA,51.78,2.65,0.0,有,0003
中山區,房地(土地+建物),臺北市中山區四平街１０７號六樓之１,9.35,住,,,1110210,土地1建物1車位0,六層,十層,華廈(10層含以下有電梯),住家用,鋼筋混凝土造,0900827,38.9,0,0,0,無,有,9700000,249293,,0.0,0,,RPRPMLQKKHHGFCA67EA,19.92,0.56,3.38,有,0008
士林區,房地(土地+建物),臺北市士林區延平北路五段５０號九樓,22.91,住,,,1110209,土地2建物1車位0,九層,十三層,住宅大樓(11層含以上有電梯),住家用,鋼筋混凝土造,1020312,143.46,3,2,2,有,無,24000000,167294,,0.0,0,,RPRNMLMKKHHGFEA17DA,85.25,4.06,6.64,有,
中山區,房地(土地+建物),臺北市中山區民權東路二段２６號十一樓,12.52,商,,,1110215,土地1建物2車位0,十一層,十二層,住宅大樓(11層含以上有電梯),住家用,鋼筋混凝土造,0730406,132.15,2,2,1,有,有,26250000,198638,,0.0,0,,RPXNMLLLKHHGFCA67EA,85.03,0.0,15.88,有,
北投區,房地(土地+建物),臺北市北投區明德路３３３巷２２號,33.0,住,,,1110206,土地2建物1車位0,一層,四層,公寓(5樓含以下無電梯),住家用,鋼筋混凝土造,0620108,94.3,3,2,1,有,無,23300000,247084,,0.0,0,,RPTRMLLLKHHGFEA87EA,94.3,0.0,0.0,無,
內湖區,房地(土地+建物)+車位,臺北市內湖區文德路２１０巷３０弄１００號八樓之１,19.19,住,,,1110211,土地1建物1車位1,八層,十四層,住宅大樓(11層含以上有電梯),住家用,鋼骨鋼筋混凝土造,0911031,127.59,2,1,1,有,有,23500000,184184,坡道平面,28.99,0,,RPOPMLMLKHHGFCA07EA,52.06,0.0,9.83,有,0019
內湖區,房地(土地+建物)+車位,臺北市內湖區文湖街２１巷１１８弄１２號五樓之１,26.31,住,,,1110210,土地1建物1車位1,五層,七層,華廈(10層含以下有電梯),住家用,鋼筋混凝土造,1070710,133.27,2,2,1,有,有,23660000,202639,其他,24.9,1700000,,RPTPMLMLKHHGFCA57EA,50.46,3.98,7.33,有,
信義區,房地(土地+建物),臺北市信義區信義路四段４１３號八樓之２,11.27,商,,,1110216,土地2建物1車位0,八層,十二層,住宅大樓(11層含以上有電梯),住家用,鋼筋混凝土造,0730830,121.82,3,2,2,有,有,29050000,238467,,0.0,0,,RPRRMLLLJHHGFDA47EA,94.78,0.0,7.05,有,
中山區,房地(土地+建物),臺北市中山區撫順街２３號五樓之３,11.66,商,,,1110207,土地1建物1車位0,五層,十四層,住宅大樓(11層含以上有電梯),住家用,鋼筋混凝土造,0931203,117.95,2,1,2,有,有,21500000,182281,,0.0,0,,RPRNMLNLKHHGFCA27EA,72.01,0.98,6.93,有,
北投區,房地(土地+建物),臺北市北投區大度路三段２７０巷６９號四樓之７,11.06,,,,1110208,土地1建物1車位0,四層,十九層,住宅大樓(11層含以上有電梯),辦公用,鋼筋混凝土造,1010217,62.56,1,1,1,有,有,10850000,173434,,0.0,0,,RPUNMLNLKHHGFEA67DA,34.4,1.11,5.74,有,
信義區,房地(土地+建物),臺北市信義區嘉興街１８１巷５號,49.5,住,,,1110214,土地1建物1車位0,一層,四層,公寓(5樓含以下無電梯),住家用,鋼筋混凝土造,0580324,106.01,0,0,0,無,無,33000000,311291,,0.0,0,,RPQOMLOLKHHGFDA47EA,106.01,0.0,0.0,無,
信義區,房地(土地+建物),臺北市信義區富陽街７１巷２３號二樓,31.5,住,,,1110210,土地1建物1車位0,二層,四層,公寓(5樓含以下無電梯),,鋼筋混凝土造,0611130,79.28,3,2,1,有,無,14000000,176589,,0.0,0,,RPVPMLLKKHHGFDA67EA,79.28,0.0,0.0,無,
士林區,房地(土地+建物)+車位,臺北市士林區小北街２８號二樓,19.87,商,,,1110209,土地1建物1車位1,二層,九層,華廈(10層含以下有電梯),住家用,鋼筋混凝土造,1080212,88.44,1,1,1,有,有,23000000,265133,其他,8.48,1800000,,RPPOMLOKKHHGFEA27DA,40.69,2.75,5.56,有,
中山區,房地(土地+建物),臺北市中山區新生北路三段５６巷１號八樓之１４,5.28,商,,,1110212,土地1建物1車位0,八層,十二層,住宅大樓(11層含以上有電梯),住家用,鋼筋混凝土造,0700410,55.54,0,0,0,無,有,9850000,177350,,0.0,0,,RPUPMLMLKHHGFCA57DA,37.74,0.0,3.33,有,
大同區,房地(土地+建物),臺北市大同區重慶北路三段２０５巷７號,20.78,住,,,1110210,土地2建物1車位0,一層,七層,華廈(10層含以下有電梯),住家用,鋼筋混凝土造,0971127,83.4,1,2,1,有,有,23700000,284173,,0.0,0,,RPVPMLKKKHHGFBA27DA,46.54,4.57,5.19,有,
中山區,房地(土地+建物)+車位,臺北市中山區松江路４２８號十三樓,22.1,住,,,1110211,土地4建物1車位1,十三層,十五層,住宅大樓(11層含以上有電梯),住家用,鋼筋混凝土造,0951221,202.55,3,2,3,有,有,47200000,233029,坡道平面,39.5,0,,RPQPMLPLKHHGFCA47DA,103.23,1.96,12.4,有,
大安區,房地(土地+建物),臺北市大安區溫州街５８巷８號二樓,4.45,住,,,1110217,土地1建物1車位0,二層，陽台,四層,公寓(5樓含以下無電梯),住家用,鋼筋混凝土造,,11.39,3,2,2,有,無,2400000,210711,,0.0,0,,RPWNMLLJLHHGFFA67DA,11.39,0.0,0.0,無,
北投區,房地(土地+建物),臺北市北投區文林北路２６４號三樓,24.75,住,,,1110207,土地1建物1車位0,三層,四層,公寓(5樓含以下無電梯),住家用,鋼筋混凝土造,0600720,73.76,2,2,1,有,無,13000000,176247,,0.0,0,,RPXQMLMJLHHGFEA08DA,73.76,0.0,0.0,無,
大安區,房地(土地+建物),臺北市大安區和平東路三段３０８巷１弄２號三樓,14.0,住,,,1110216,土地1建物1車位0,三層，陽台,四層,公寓(5樓含以下無電梯),住家用,鋼筋混凝土造,,38.04,2,1,1,有,無,6000000,157729,,0.0,0,,RPPOMLLJLHHGFFA07DA,38.04,0.0,0.0,無,
內湖區,房地(土地+建物),臺北市內湖區文湖街８１巷３８號,21.11,住,,,1110215,土地1建物1車位0,一層,九層,華廈(10層含以下有電梯),住家用,鋼筋混凝土造,1020802,85.93,1,2,1,有,有,21000000,244385,,0.0,0,,RPTOMLNLKHHGFCA47DA,45.55,0.72,9.54,有,
大同區,房地(土地+建物),臺北市大同區涼州街２號五樓之９,12.53,住,,,1110209,土地1建物1車位0,五層,十五層,住宅大樓(11層含以上有電梯),住家用,鋼筋混凝土造,1000318,97.12,2,2,2,有,有,23300000,239909,,0.0,0,,RPPNMLMJLHHGFBA66DA,60.81,5.07,4.98,有,
文山區,房地(土地+建物)+車位,臺北市文山區福興路１０６巷３１號六樓,20.27,住,,,1110216,土地1建物1車位1,六層,十四層,住宅大樓(11層含以上有電梯),住家用,鋼筋混凝土造,1010827,129.64000000000001,2,2,1,有,有,19650000,151574,坡道平面,13.02,0,,RPPOMLPLKHHGFAA07DA,52.71,5.12,3.44,有,0057
中山區,房地(土地+建物)+車位,臺北市中山區農安街１巷５７號九樓之１,14.37,商,,,1110214,土地1建物1車位1,九層,十四層,住宅大樓(11層含以上有電梯),辦公用,鋼筋混凝土造,1050829,196.52999999999997,3,2,2,有,有,33500000,170457,坡道平面,52.45,0,,RPQNMLOJLHHGFCA07DA,79.88,2.53,18.8,有,0061
中山區,房地(土地+建物),臺北市中山區德惠街４５號六樓之２１,4.0,商,,,1110216,土地1建物1車位0,六層,九層,華廈(10層含以下有電梯),住家用,鋼筋混凝土造,0681215,32.120000000000005,1,1,1,有,有,5800000,180573,,0.0,0,,RPUPMLQKKHHGFCA87DA,26.12,0.0,0.0,有,
大安區,房地(土地+建物),臺北市大安區和平東路二段３１１巷５５號四樓,21.61,住,,,1110212,土地1建物1車位0,四層,十九層,住宅大樓(11層含以上有電梯),住家用,鋼筋混凝土造,0740522,111.17,3,2,2,有,有,25000000,224881,,0.0,0,,RPQOMLMJLHHGFFA27DA,83.19,1.8,8.27,有,0065
內湖區,房地(土地+建物),臺北市內湖區成功路三段１８７巷２３號,26.27,住,,,1110214,土地1建物1車位0,一層,五層,公寓(5樓含以下無電梯),住家用,鋼筋混凝土造,0690331,86.23,1,1,2,有,無,20000000,231938,,0.0,0,,RPRNMLNJLHHGFCA17EA,71.92,14.31,0.0,無,0067
大安區,房地(土地+建物),臺北市大安區羅斯福路三段２６９巷３６之１號二樓,23.98,住,,,1110209,土地1建物1車位0,二層,七層,華廈(10層含以下有電梯),住家用,鋼筋混凝土造,0721015,123.89,3,2,2,有,有,26000000,209864,,0.0,0,,RPPNMLOJLHHGFFA37EA,81.72,0.0,10.92,有,
松山區,房地(土地+建物),臺北市松山區南京東路四段１８６號十一樓之１３,8.94,商,,,1110215,土地2建物1車位0,十一層,十四層,住宅大樓(11層含以上有電梯),住家用,鋼筋混凝土造,0730217,105.74000000000001,3,2,2,有,有,24500000,231700,,0.0,0,,RPQNMLRJLHHGFDA57EA,79.2,0.0,7.73,有,
中山區,房地(土地+建物)+車位,臺北市中山區五常街１１巷７號三樓,24.23,住,,,1110210,土地2建物1車位1,三層,十七層,住宅大樓(11層含以上有電梯),住家用,鋼筋混凝土造,1080918,195.05,3,1,2,有,有,43000000,220456,坡道平面,38.04,0,,RPSNMLOJLHHGFCA37EA,88.66,6.73,10.33,有,
北投區,房地(土地+建物),臺北市北投區中央北路二段４０４號四樓之１,10.83,住,,,1110203,土地1建物1車位0,四層,十層,華廈(10層含以下有電梯),住家用,鋼筋混凝土造,0941027,47.53,1,1,1,有,無,8100000,170419,,0.0,0,,RPUOMLRKKHHGFEA08DA,29.68,1.27,3.38,有,0074
內湖區,房地(土地+建物),臺北市內湖區南京東路六段１０５號四樓,49.24,住,,,1110222,土地1建物1車位0,四層,九層,華廈(10層含以下有電梯),住家用,鋼筋混凝土造,0860526,129.84,2,2,2,有,有,20380000,156962,,0.0,0,,RPORMLMJLHHGFCA07DA,74.88,0.0,8.44,有,
內湖區,房地(土地+建物),臺北市內湖區安泰街８６巷３號三樓,28.06,住,,,1110214,土地3建物1車位0,三層,五層,公寓(5樓含以下無電梯),住家用,鋼筋混凝土造,0690808,89.31,3,2,1,有,無,11000000,123166,,0.0,0,,RPRQMLNJLHHGFCA37DA,82.21,0.0,7.1,無,
大同區,房地(土地+建物),臺北市大同區重慶北路二段３３號十樓之１,12.99,商,,,1110218,土地1建物1車位0,十層,十二層,住宅大樓(11層含以上有電梯),住家用,鋼筋混凝土造,0770301,131.15,3,1,2,有,有,20000000,152497,,0.0,0,,RPWNMLRJLHHGFBA87DA,89.98,2.71,20.04,有,
松山區,房地(土地+建物),臺北市松山區三民路８０巷５號二樓,48.36,住,,,1110214,土地1建物1車位0,二層,十四層,住宅大樓(11層含以上有電梯),住家用,鋼筋混凝土造,0930914,224.14,5,2,2,有,有,46880000,209155,,0.0,0,,RPPNMLRJLHHGFDA37DA,116.57,0.0,13.05,有,
信義區,房地(土地+建物)+車位,臺北市信義區松平路６０號五樓　,151.83,住,,,1110216,土地1建物1車位2,五層，六層,十層,華廈(10層含以下有電梯),住家用,鋼筋混凝土造,0891017,489.31,4,2,3,有,有,150000000,306554,坡道平面,80.34,0,,RPQNMLRKKHHGFDA47DA,272.75,0.0,29.62,有,
信義區,房地(土地+建物),臺北市信義區逸仙路２６巷９號八樓,16.7,住,,,1110217,土地1建物1車位0,八層,十二層,住宅大樓(11層含以上有電梯),住家用,鋼筋混凝土造,0670609,125.47,1,2,1,有,有,37000000,294891,,0.0,0,,RPUNMLOJLHHGFDA67EA,99.98,0.0,9.08,有,
士林區,房地(土地+建物),臺北市士林區中山北路六段４１９巷３７號,36.9,住,,,1110215,土地1建物1車位0,一層,五層,公寓(5樓含以下無電梯),住家用,鋼筋混凝土造,0731022,137.78,3,2,2,有,無,22000000,159675,,0.0,0,,RPTOMLSJLHHGFEA18EA,115.39,10.0,0.0,無,
大安區,房地(土地+建物),臺北市大安區復興南路一段３２１號八樓之６,4.16,商,,,1110217,土地2建物1車位0,八層,十二層,住宅大樓(11層含以上有電梯),住家用,鋼筋混凝土造,,33.79,1,1,1,有,有,12400000,366972,,0.0,0,,RPPOMLLKKHHGFFA17EA,21.57,0.0,4.52,有,
松山區,房地(土地+建物),臺北市松山區八德路三段１５８巷２０弄３４號二樓,21.55,商,,,1110218,土地2建物1車位0,二層,七層,華廈(10層含以下有電梯),住家用,鋼筋混凝土造,0661019,106.11999999999999,3,2,2,有,有,23500000,221447,,0.0,0,,RPTNMLLLKHHGFDA37EA,89.99,0.0,8.67,有,
中山區,房地(土地+建物),臺北市中山區德惠街３巷１號四樓,7.31,商,,,1110218,土地1建物1車位0,四層,七層,華廈(10層含以下有電梯),住家用,鋼筋混凝土造,0951229,37.980000000000004,0,0,0,無,有,9000000,236967,,0.0,0,,RPUPMLTJLHHGFCA28EA,24.28,0.49,0.0,有,
文山區,房地(土地+建物),臺北市文山區萬安街３０巷２號七樓之１,42.0,都市：其他:第貳類住宅用地及第壹類住宅用地(萬芳社區特定專用區)。,,,1110209,土地3建物1車位0,七層,十二層,住宅大樓(11層含以上有電梯),住家用,鋼筋混凝土造,0720728,96.77000000000001,3,2,1,有,無,13500000,139506,,0.0,0,,RPOOMLSJLHHGFAA27EA,65.69,0.0,10.4,有,
信義區,房地(土地+建物),臺北市信義區信義路五段１２７號十六樓之１１,13.78,都市：其他:特定業務區(信義計畫特定專用區)。,,,1110222,土地1建物1車位0,十六層,十九層,住宅大樓(11層含以上有電梯),住家用,鋼骨造,0951229,86.97,2,2,1,有,有,25700000,295504,,0.0,0,,RPRNMLRJLHHGFDA57DA,48.18,4.26,5.17,有,
南港區,房地(土地+建物),臺北市南港區東新街７７巷４弄８號二樓,7.58,商,,,1110225,土地1建物1車位0,二層,三層,公寓(5樓含以下無電梯),住家用,加強磚造,0601117,18.44,2,1,1,有,無,3000000,162690,,0.0,0,,RPXOMLRJLHHGFDA28DA,18.44,0.0,0.0,無,
大同區,房地(土地+建物)+車位,臺北市大同區南京西路５７號十三樓之１０,11.28,都市：其他:聯合開發區(捷)(依都市計畫說明書圖規定辦理)。,,,1110207,土地1建物1車位1,十三層,十九層,住宅大樓(11層含以上有電梯),住家用,鋼筋混凝土造,1080304,153.10999999999999,3,2,2,有,有,52000000,369044,塔式車位,16.27,1500000,,RPXNMLPLKHHGFBA87DA,88.5,0.0,6.21,有,
文山區,房地(土地+建物),臺北市文山區試院路１４４巷４弄４０號五樓,23.47,住,,,1110212,土地7建物1車位0,五層,十層,華廈(10層含以下有電梯),住家用,鋼筋混凝土造,0840303,68.15,2,1,1,有,有,9000000,132062,,0.0,0,,RPSNMLOJLHHGFAA07DA,44.54,1.44,5.71,有,
文山區,房地(土地+建物)+車位,臺北市文山區汀州路四段１９１號十一樓,29.31,住,,,1110213,土地1建物1車位2,十一層,二十二層,住宅大樓(11層含以上有電梯),住家用,鋼筋混凝土造,1000113,257.2,3,2,2,有,有,51100000,198686,坡道平面,0.0,0,,RPQNMLSJLHHGFAA27DA,116.41,10.28,6.18,有,
萬華區,房地(土地+建物),臺北市萬華區東園街２８巷５０號五樓之８,6.06,住,,,1110105,土地1建物1車位0,五層,六層,華廈(10層含以下有電梯),住家用,鋼筋混凝土造,0810921,34.76,1,1,1,有,有,4180000,120253,,0.0,0,,RPQNMLNKJHHGFBA76DA,19.86,0.0,3.27,有,
內湖區,房地(土地+建物)+車位,臺北市內湖區民權東路六段２８０巷３８號,52.07,住,,,1110105,土地1建物1車位1,一層,七層,華廈(10層含以下有電梯),住家用,鋼筋混凝土造,0791126,174.95999999999998,4,2,3,有,有,42500000,242913,坡道平面,31.39,0,,RPPNMLNKJHHGFCA76DA,151.06,16.48,0.0,有,
士林區,房地(土地+建物),臺北市士林區忠誠路一段１６巷２３之１號,17.21,住,,,1110103,土地2建物2車位0,一層,五層,華廈(10層含以下有電梯),住家用,鋼筋混凝土造,0840921,67.06,2,1,1,有,有,16300000,243066,,0.0,0,,RPWNMLNKJHHGFEA77EA,33.57,5.34,0.0,有,0096
松山區,房地(土地+建物)+車位,臺北市松山區健康路３２５巷２５弄１０號十樓,19.81,住,,,1110102,土地1建物1車位1,十層,十三層,住宅大樓(11層含以上有電梯),住家用,鋼筋混凝土造,1100323,180.94,3,2,2,有,有,48200000,266387,坡道平面,39.88,0,,RPXNMLOKJHHGFDA87EA,85.26,5.36,10.55,有,
中山區,房地(土地+建物),臺北市中山區雙城街４３巷７號六樓之７,4.63,商,,,1110107,土地2建物1車位0,六層,七層,華廈(10層含以下有電梯),住家用,鋼筋混凝土造,0680419,31.159999999999997,0,0,0,無,有,5520000,177150,,0.0,0,,RPSNMLOKJHHGFCA27EA,21.77,0.0,3.29,有,0099
大同區,房地(土地+建物)+車位,臺北市大同區天水路３３號十二樓之１,15.57,商,,,1110103,土地1建物1車位1,十二層,十二層,住宅大樓(11層含以上有電梯),住家用,鋼筋混凝土造,1060814,184.95,3,2,1,有,有,34680000,224312,升降平面,39.26,2000000,,RPVNMLNKJHHGFBA37EA,84.56,2.86,9.35,有,0100
中山區,房地(土地+建物),臺北市中山區新生北路三段１６號六樓,4.41,商,,,1110106,土地1建物1車位0,六層,十一層,住宅大樓(11層含以上有電梯),住家用,鋼筋混凝土造,1011011,42.38,1,1,1,有,有,9600000,226522,,0.0,0,,RPOQMLRJJHHGFCA27DA,23.46,1.39,1.95,有,0104
中山區,房地(土地+建物),臺北市中山區新生北路二段７４號十一樓之１０,4.67,商,,,1110110,土地1建物1車位0,十一層，露台,十二層,住宅大樓(11層含以上有電梯),住家用,鋼筋混凝土造,0610402,35.87,1,1,1,有,有,5850000,163089,,0.0,0,,RPPRMLKKJHHGFCA86DA,35.87,0.0,0.0,有,
南港區,房地(土地+建物)+車位,臺北市南港區南港路二段２８６號七樓,44.88,住,,,1110103,土地1建物1車位2,七層，見其他登記事項,七層,華廈(10層含以下有電梯),住家用,鋼筋混凝土造,1091130,261.25,3,2,2,有,有,48700000,186411,塔式車位,35.08,0,,RPSNMLRKJHHGFDA67EA,126.57,0.0,20.16,有,
信義區,房地(土地+建物),臺北市信義區松山路２６０號十一樓,9.99,住,,,1110104,土地2建物1車位0,十一層,十五層,住宅大樓(11層含以上有電梯),住家用,鋼筋混凝土造,0730608,69.39,2,2,1,有,有,14900000,214728,,0.0,0,,RPTOMLRKJHHGFDA87EA,46.08,0.0,4.72,有,
內湖區,房地(土地+建物),臺北市內湖區內湖路三段６０巷１２弄５９號二樓,25.66,住,,,1110106,土地1建物1車位0,二層,五層,公寓(5樓含以下無電梯),住家用,鋼筋混凝土造,0721015,89.92999999999999,3,1,1,有,無,9500000,105638,,0.0,0,,RPTOMLRKJHHGFCA77EA,79.59,0.0,7.52,無,
大安區,房地(土地+建物),臺北市大安區師大路９２巷８之１號五樓,10.63,住,,,1110106,土地2建物1車位0,五層,七層,華廈(10層含以下有電梯),住家用,鋼筋混凝土造,0710812,55.09,3,2,2,有,無,14400000,261390,,0.0,0,,RPVOMLMKJHHGFFA67DA,41.15,0.0,6.49,有,0119
中山區,房地(土地+建物),臺北市中山區建國北路二段１０９號十一樓,17.0,住,,,1110105,土地1建物1車位0,十一層,十二層,住宅大樓(11層含以上有電梯),住家用,鋼筋混凝土造,0741123,123.17,3,2,2,有,有,27199800,220831,,0.0,0,,RPPNMLKLJHHGFCA66EA,103.78,0.0,15.69,有,
中山區,房地(土地+建物),臺北市中山區吉林路４４７巷１２號四樓,26.22,住,,,1110102,土地1建物1車位0,四層,五層,公寓(5樓含以下無電梯),住家用,鋼筋混凝土造,0731016,99.06,3,2,2,有,無,16000000,161518,,0.0,0,,RPXVMLTKJHHGFCA09EA,79.32,0.0,10.58,無,
北投區,房地(土地+建物),臺北市北投區永興路一段３７號二樓,16.0,住,,,1110107,土地1建物1車位0,二層,五層,公寓(5樓含以下無電梯),住家用,鋼筋混凝土造,0661121,77.57,2,1,1,有,無,10750000,138585,,0.0,0,,RPXNMLTKJHHGFEA48EA,67.56,0.0,10.01,無,
中山區,房地(土地+建物)+車位,臺北市中山區民權東路三段１６號十一樓之１,29.42,商,,,1110101,土地5建物1車位1,十一層，電梯樓梯間,十五層,住宅大樓(11層含以上有電梯),住家用,鋼筋混凝土造,0851125,197.70999999999998,3,2,2,有,有,50330000,254565,坡道平面,0.0,0,,RPRRMLPJJHHGFCA57EA,128.86,2.61,13.29,有,0125
萬華區,房地(土地+建物),臺北市萬華區艋舺大道８６巷１２號三樓之１,15.44,商,,,1110107,土地1建物1車位0,三層,七層,華廈(10層含以下有電梯),住家用,鋼筋混凝土造,0810401,63.61,2,1,1,有,有,10000000,157208,,0.0,0,,RPRNMLLLJHHGFBA86EA,42.45,1.5,5.07,有,
南港區,房地(土地+建物),臺北市南港區中坡南路３１巷８號三樓之２,12.8,住,,,1110104,土地1建物1車位0,三層,六層,華廈(10層含以下有電梯),住家用,鋼筋混凝土造,1090731,50.78,0,0,0,無,有,15090000,297164,,0.0,0,,RPOPMLLKJHHGFDA76DA,22.02,1.57,7.7,有,
松山區,房地(土地+建物),臺北市松山區南京東路五段３９０號四樓,9.75,商,,,1110103,土地2建物1車位0,四層,四層,公寓(5樓含以下無電梯),住家用,鋼筋混凝土造,0671004,28.44,1,1,1,有,無,4450000,156470,,0.0,0,,RPSNMLKLJHHGFDA96DA,28.44,0.0,0.0,無,
內湖區,房地(土地+建物)+車位,臺北市內湖區麗山街５９號十二樓,40.04,住,,,1110106,土地1建物1車位1,十二層,十四層,住宅大樓(11層含以上有電梯),住家用,鋼筋混凝土造,1000928,283.82,3,2,2,有,有,72500000,255444,坡道平面,43.48,0,,RPWOMLLLJHHGFCA47DA,141.46,14.63,11.98,有,
中山區,房地(土地+建物)+車位,臺北市中山區吉林路８巷１２號,46.14,住,,,1110104,土地2建物2車位2,一層,七層,華廈(10層含以下有電梯),住家用,鋼筋混凝土造,0971023,204.60000000000002,4,2,2,有,有,49200000,240469,升降機械,0.0,0,,RPSOMLLLJHHGFCA17EA,124.27,0.0,3.52,有,
松山區,房地(土地+建物),臺北市松山區敦化北路３０３號三樓之２,18.44,都市：其他:敦化南北路特定專用區(A區)(依都市計畫說明書圖規定辦理)(原屬住宅用地)。,,,1110110,土地3建物1車位0,三層,十二層,住宅大樓(11層含以上有電梯),住家用,鋼筋混凝土造,0651022,140.27,4,1,1,有,有,39380000,280744,,0.0,0,,RPRRMLPJJHHGFDA67EA,114.94,0.0,3.6,有,
中正區,房地(土地+建物),臺北市中正區衡陽路２６號十三樓之２,4.68,商,,,1110101,土地1建物1車位0,十三層,十五層,住宅大樓(11層含以上有電梯),住家用,鋼筋混凝土造,1050503,58.010000000000005,0,0,0,無,有,18980000,327185,,0.0,0,,RPVNMLPLJHHGFBA67EA,32.47,1.16,3.07,有,
北投區,房地(土地+建物),臺北市北投區建民路１２５巷２１號四樓,29.4,住,,,1110103,土地7建物1車位0,四層,五層,公寓(5樓含以下無電梯),住家用,鋼筋混凝土造,0680703,97.68,3,2,1,有,無,12000000,122850,,0.0,0,,RPPNMLTKJHHGFEA57DA,84.82,0.0,12.86,無,0151
中正區,房地(土地+建物)+車位,臺北市中正區汀州路一段３５０號十五樓之２,26.1,住,,,1110102,土地1建物1車位1,十五層,二十三層,住宅大樓(11層含以上有電梯),住家用,鋼筋混凝土造,1081202,186.91,3,2,2,有,有,44250000,278284,坡道平面,38.68,3000000,,RPOOMLLKJHHGFAA98DA,93.69,0.0,11.08,有,0153
文山區,房地(土地+建物),臺北市文山區興隆路三段１３７號十樓之５,7.62,住,,,1110113,土地1建物1車位0,十層,十層,華廈(10層含以下有電梯),住家用,鋼筋混凝土造,0970523,36.15,1,1,1,有,有,8200000,226833,,0.0,0,,RPOPMLOLJHHGFAA86DA,17.81,5.41,0.0,有,
士林區,房地(土地+建物),臺北市士林區雨聲街８巷１之１號四樓,36.14,住,,,1110107,土地1建物1車位0,四層,五層,公寓(5樓含以下無電梯),住家用,鋼筋混凝土造,0710719,115.05000000000001,3,2,2,有,無,15300000,132986,,0.0,0,,RPOOMLLLJHHGFEA86DA,96.5,0.0,7.23,無,
大同區,房地(土地+建物),臺北市大同區民族西路１６９巷１９號二樓,42.0,住,,,1110104,土地1建物1車位0,二層,二層,公寓(5樓含以下無電梯),,加強磚造,,64.7,2,1,1,有,無,8000000,123648,,0.0,0,,RPTNMLOLJHHGFBA37EA,64.7,0.0,0.0,無,
中山區,房地(土地+建物)+車位,臺北市中山區長安東路二段１６６號二樓之３,7.13,商,,,1110103,土地1建物1車位1,二層,十四層,住宅大樓(11層含以上有電梯),住家用,鋼骨造,1050411,136.23,2,1,1,有,有,25000000,183513,升降平面,52.71,0,,RPPNMLPLJHHGFCA17EA,45.48,0.0,5.5,有,0162
中山區,房地(土地+建物),臺北市中山區南京東路一段１６號七樓之７,11.91,商,,,1110117,土地3建物1車位0,七層,十層,華廈(10層含以下有電梯),,鋼筋混凝土造,0561031,100.81,1,1,1,有,有,21350000,211785,,0.0,0,,RPTOMLOLJHHGFCA57EA,76.91,0.0,0.0,有,
北投區,房地(土地+建物),臺北市北投區幽雅路５巷２號四樓之５,14.84,都市：其他:特定休閒旅館住宅專用區。,,,1110103,土地1建物1車位0,四層,五層,華廈(10層含以下有電梯),住家用,鋼筋混凝土造,0850216,45.14,0,0,0,無,有,5050000,111874,,0.0,0,,RPTNMLMLJHHGFEA47EA,20.63,0.59,2.21,有,
信義區,房地(土地+建物),臺北市信義區大道路４２巷１８號二樓,42.5,住,,,1110107,土地2建物1車位0,二層，陽台,四層,公寓(5樓含以下無電梯),住家用,鋼筋混凝土造,0640414,96.22,3,2,1,有,無,17800000,184993,,0.0,0,,RPOPMLKKJHHGFDA76EA,96.22,0.0,0.0,無,
南港區,房地(土地+建物),臺北市南港區忠孝東路六段２７８巷５弄１號,30.3,住,,,1110110,土地2建物1車位0,一層,五層,公寓(5樓含以下無電梯),住家用,鋼筋混凝土造,0720406,101.85,2,2,1,有,無,29800000,292587,,0.0,0,,RPRNMLQLJHHGFDA57EA,88.52,13.33,0.0,無,
萬華區,房地(土地+建物),臺北市萬華區艋舺大道３８８巷７號二樓,26.75,住,,,1110103,土地1建物1車位0,二層，騎樓,四層,公寓(5樓含以下無電梯),住家用,鋼筋混凝土造,0600821,78.46,3,2,1,有,無,9000000,114708,,0.0,0,,RPTPMLPLIIGGFBA57EA,78.46,0.0,0.0,無,
信義區,房地(土地+建物),臺北市信義區吳興街３９４巷１２號五樓之１,9.35,住,,,1110101,土地2建物1車位0,五層,六層,華廈(10層含以下有電梯),住家用,鋼筋混凝土造,0800912,47.0,1,1,1,有,有,8500000,180851,,0.0,0,,RPPNMLPKJHHGFDA07DA,30.69,0.0,5.82,有,
中山區,房地(土地+建物)+車位,臺北市中山區長春路１９３號十三樓之１,19.87,商,,,1110115,土地2建物1車位1,十三層,十四層,住宅大樓(11層含以上有電梯),住家用,鋼筋混凝土造,0990324,220.74,2,2,2,有,有,70380000,318837,坡道平面,18.23,0,,RPRNMLOLJHHGFCA17DA,122.65,7.55,12.17,有,0171
內湖區,房地(土地+建物),臺北市內湖區金龍路２２２巷１６號十樓之６,11.87,住,,,1110103,土地1建物1車位0,十層,十二層,住宅大樓(11層含以上有電梯),住家用,鋼筋混凝土造,0821213,37.39,1,1,1,有,有,7900000,211286,,0.0,0,,RPSOMLLKJHHGFCA96DA,28.41,0.0,2.48,有,
文山區,房地(土地+建物),臺北市文山區木柵路一段２１６號二樓,5.47,住,,,1110107,土地2建物1車位0,二層,三層,公寓(5樓含以下無電梯),住家用,鋼筋混凝土造,0770512,15.58,2,1,1,有,無,1900000,121951,,0.0,0,,RPOPMLPLJHHGFAA96DA,14.25,0.0,1.34,無,
中山區,房地(土地+建物),臺北市中山區雙城街１９巷８號三樓之１５,5.48,商,,,1110103,土地2建物1車位0,三層,十四層,住宅大樓(11層含以上有電梯),住家用,鋼筋混凝土造,0970312,53.64,1,1,1,有,有,12600000,234899,,0.0,0,,RPUPMLOKJHHGFCA57DA,29.22,1.62,5.5,有,0173
中正區,房地(土地+建物),臺北市中正區臨沂街６３巷１３之３號,22.9,住,,,1110112,土地2建物1車位0,一層,五層,公寓(5樓含以下無電梯),住家用,鋼筋混凝土造,0610224,81.15,3,2,2,有,無,32000000,394331,,0.0,0,,RPQOMLOLJHHGFBA07DA,81.15,0.0,0.0,無,
南港區,房地(土地+建物),臺北市南港區南深路３３號七樓之２,12.84,住,,,1110103,土地1建物1車位0,七層,十層,華廈(10層含以下有電梯),住家用,鋼筋混凝土造,0880316,37.11,1,1,1,有,有,4500000,121261,,0.0,0,,RPVOMLNKJHHGFDA57DA,24.62,0.0,3.88,有,
北投區,房地(土地+建物)+車位,臺北市北投區裕民二路６５號十二樓,15.64,商,,,1110102,土地1建物1車位1,十二層,十九層,住宅大樓(11層含以上有電梯),辦公用,鋼筋混凝土造,1021108,221.51999999999998,2,2,2,有,有,48520000,260453,坡道平面,45.98,2800000,,RPTPMLQJJHHGFEA77DA,91.8,4.72,19.58,有,0176
大安區,房地(土地+建物)+車位,臺北市大安區新生南路一段１４５號十一樓之２,10.07,住,,,1110106,土地1建物1車位1,十一層,十二層,住宅大樓(11層含以上有電梯),住家用,鋼筋混凝土造,1100325,84.46000000000001,1,1,1,有,有,34750000,471285,升降機械,16.03,2500000,,RPQNMLRKJHHGFFA57DA,37.03,3.34,3.98,有,
大安區,房地(土地+建物),臺北市大安區新生南路一段１４５號十一樓之３,6.89,住,,,1110106,土地1建物1車位0,十一層,十二層,住宅大樓(11層含以上有電梯),住家用,鋼筋混凝土造,1100325,48.8,1,1,1,有,有,23250000,476434,,0.0,0,,SPQNMLRKJHHGFFA67DA,26.45,2.01,3.03,有,
士林區,房地(土地+建物),臺北市士林區忠誠路二段１３０巷８號五樓,21.6,住,,,1110112,土地1建物1車位0,五層,五層,公寓(5樓含以下無電梯),住家用,鋼筋混凝土造,0670410,77.84,3,1,1,有,無,12000000,154162,,0.0,0,,RPPPMLQLJHHGFEA67EA,67.22,0.0,10.62,無,
士林區,房地(土地+建物),臺北市士林區中山北路七段１１４巷６１弄２之４號六樓,36.53,都市：其他:第二種住宅區。,,,1110119,土地3建物1車位0,六層,七層,華廈(10層含以下有電梯),住家用,鋼筋混凝土造,0740211,180.9,3,2,2,有,有,25700000,142067,,0.0,0,,RPWOMLRLJHHGFEA38EA,125.21,0.0,21.88,有,
南港區,房地(土地+建物),臺北市南港區市民大道八段５７１號二樓,33.6,商,,,1110103,土地2建物1車位0,二層，陽台,四層,公寓(5樓含以下無電梯),住家用,鋼筋混凝土造,0630902,99.96,1,1,1,有,無,15500000,155062,,0.0,0,,RPUPMLLKJHHGFDA37DA,99.96,0.0,0.0,無,
信義區,房地(土地+建物),臺北市信義區松勤街９號八樓之１３,6.19,都市：其他:特定業務區(信義計畫特定專用區)。,,,1110101,土地1建物1車位0,八層,十九層,住宅大樓(11層含以上有電梯),住家用,鋼骨造,0961225,49.629999999999995,1,1,1,有,有,19880000,400483,,0.0,0,,RPXOMLRKJHHGFDA18DA,32.18,1.08,0.07,有,
士林區,房地(土地+建物)+車位,臺北市士林區忠勇街４０巷４弄１號五樓,107.01,住,,,1110109,土地2建物1車位2,五層,八層,華廈(10層含以下有電梯),住家用,鋼筋混凝土造,0930624,398.11,4,2,3,有,有,62000000,155736,坡道機械,0.0,0,,RPQPMLQLJHHGFEA67DA,218.78,2.32,22.56,有,
內湖區,房地(土地+建物)+車位,臺北市內湖區文湖街２１巷１１８弄１２號五樓,27.88,住,,,1110103,土地1建物1車位1,五層,七層,華廈(10層含以下有電梯),住家用,鋼筋混凝土造,1070710,139.74,3,2,1,有,有,25940000,211076,其他,24.9,1700000,,RPUQMLSJKHHGFCA18EA,56.7,1.43,7.33,有,
內湖區,房地(土地+建物),臺北市內湖區內湖路一段４１１巷９０弄６號四樓,24.33,住,,,1110109,土地1建物1車位0,四層,五層,公寓(5樓含以下無電梯),住家用,鋼筋混凝土造,0730512,96.89,3,2,1,有,無,11000000,113531,,0.0,0,,RPUPMLRJKHHGFCA97EA,72.45,0.0,17.15,無,
萬華區,房地(土地+建物),臺北市萬華區環河南路三段１０９號六樓,23.12,住,,,1110112,土地2建物1車位0,六層,七層,華廈(10層含以下有電梯),住家用,鋼筋混凝土造,0680526,122.59,3,2,2,有,有,15000000,122359,,0.0,0,,RPRPMLRJKHHGFBA57EA,94.61,0.0,12.72,有,
士林區,房地(土地+建物)+車位,臺北市士林區德行東路３５８巷１４弄１０號,46.56,住,,,1110114,土地1建物1車位1,一層，二層，三層,五層,公寓(5樓含以下無電梯),住家用,鋼筋混凝土造,0770423,154.09,3,2,3,有,無,23500000,152518,坡道平面,24.81,0,,RPSNMLRJKHHGFEA67DA,135.49,1.78,7.33,無,
中正區,房地(土地+建物),臺北市中正區重慶南路三段６３號六樓之２,12.05,住,,,1110111,土地1建物1車位0,六層,十一層,住宅大樓(11層含以上有電梯),住家用,鋼筋混凝土造,1020304,70.17,1,1,1,有,有,16000000,228018,,0.0,0,,RPSNMLRJKHHGFAA37EA,37.35,1.34,8.07,有,0197
文山區,房地(土地+建物),臺北市文山區景福街５４巷５弄４號五樓,50.35,住,,,1110110,土地1建物1車位0,五層，夾層,五層,公寓(5樓含以下無電梯),住家用,鋼筋混凝土造,0770517,145.33,4,2,2,有,無,22000000,151380,,0.0,0,,RPWPMLPJJHHGFAA67EA,116.5,2.09,11.44,無,
大安區,房地(土地+建物)+車位,臺北市大安區信義路四段３８６號九樓,24.14,商,,,1110103,土地6建物1車位2,九層,十五層,住宅大樓(11層含以上有電梯),住家用,鋼筋混凝土造,1001027,345.86,4,2,3,有,有,146000000,422136,坡道平面,0.0,8000000,,RPQOMLMKJHHGFFA17DA,157.17,7.84,14.9,有,
內湖區,房地(土地+建物),臺北市內湖區行善路３５號五樓,48.27,住,,,1110103,土地1建物1車位0,五層,十層,華廈(10層含以下有電梯),住家用,鋼筋混凝土造,0870506,127.78999999999999,3,2,2,有,有,21500000,168245,,0.0,0,,RPOPMLRKJHHGFCA27DA,76.75,0.0,7.06,有,0199
文山區,房地(土地+建物),臺北市文山區辛亥路四段１６６巷２６弄４之４號二樓,25.25,住,,,1110106,土地1建物1車位0,二層，陽台,四層,公寓(5樓含以下無電梯),住家用,鋼筋混凝土造,,73.41,3,2,1,有,無,10000000,136221,,0.0,0,,RPQNMLQJKHHGFAA96DA,73.41,0.0,0.0,無,
文山區,房地(土地+建物)+車位,臺北市文山區萬壽路６２之８號,16.37,住,,,1110109,土地1建物1車位1,一層,五層,華廈(10層含以下有電梯),住家用,鋼筋混凝土造,0961023,44.9,1,1,1,有,有,5500000,122494,升降機械,11.0,0,,RPXNMLRJKHHGFAA77DA,18.56,0.0,2.25,有,0200
中正區,房地(土地+建物)+車位,臺北市中正區門街１３７號二樓,10.73,商,,,1110104,土地1建物1車位1,二層,十二層,住宅大樓(11層含以上有電梯),住家用,鋼筋混凝土造,1070816,115.91,2,1,1,有,有,26800000,231214,其他,6.87,0,,RPSOMLSJKHHGFAA47DA,53.86,6.23,7.49,有,0201
文山區,房地(土地+建物),臺北市文山區木柵路四段１５９巷１７０弄１３號二樓,24.01,住,,,1110105,土地2建物1車位0,二層,五層,公寓(5樓含以下無電梯),住家用,鋼筋混凝土造,0711016,93.31,3,2,1,有,無,8500000,91094,,0.0,0,,RPUNMLTJKHHGFAA67DA,71.5,0.0,12.8,無,0202
萬華區,房地(土地+建物)+車位,臺北市萬華區東園街６６巷２４弄８號二樓,23.77,住,,,1110107,土地1建物1車位1,二層,十二層,住宅大樓(11層含以上有電梯),住家用,鋼筋混凝土造,1060515,180.84,3,2,2,有,有,26500000,146538,坡道平面,0.0,0,,RPWOMLNKJHHGFBA47DA,81.9,11.52,8.25,有,0203
內湖區,房地(土地+建物)+車位,臺北市內湖區瑞光路３１６巷５８號六樓,37.84,工,,,1110112,土地1建物1車位3,六層,十一層,住宅大樓(11層含以上有電梯),辦公用,鋼骨造,0960215,282.49,5,1,0,有,有,42880000,151793,坡道機械,0.0,0,,RPSRMLRJKHHGFCA87DA,167.05,4.28,0.0,有,0204
信義區,房地(土地+建物),臺北市信義區永吉路５２７號二樓,28.58,住,,,1110113,土地3建物1車位0,二層,五層,公寓(5樓含以下無電梯),住家用,鋼筋混凝土造,0740514,132.07,5,1,2,有,無,29380000,222458,,0.0,0,,RPPNMLSJKHHGFDA37DA,110.9,0.0,8.08,無,0207
南港區,房地(土地+建物),臺北市南港區研究院路一段１１９號二樓,24.67,住,,,1110103,土地5建物1車位0,二層,五層,公寓(5樓含以下無電梯),住家用,鋼筋混凝土造,0680509,89.61,3,3,3,有,無,17650000,196965,,0.0,0,,RPROMLKKJHHGFDA86DA,76.5,0.0,13.11,無,0208
中山區,房地(土地+建物),臺北市中山區民權東路一段５７之１號七樓,4.6,商,,,1110108,土地1建物1車位0,七層,十二層,住宅大樓(11層含以上有電梯),辦公用,鋼骨鋼筋混凝土造,1090120,47.68,1,1,1,有,有,15500000,325084,,0.0,0,,RPSSMLPJJHHGFCA77EA,28.02,2.45,0.0,有,0214
北投區,房地(土地+建物),臺北市北投區致遠一路二段６５號二樓,26.4,住,,,1110120,土地2建物1車位0,二層,五層,公寓(5樓含以下無電梯),住家用,鋼筋混凝土造,0730119,96.42999999999999,3,2,1,有,無,16700000,173183,,0.0,0,,RPQOMLSJKHHGFEA77EA,81.2,0.0,13.15,無,
大安區,房地(土地+建物),臺北市大安區大安路一段５１巷２４號三樓,51.25,商,,,1110114,土地1建物1車位0,三層,四層,公寓(5樓含以下無電梯),,加強磚造,,123.25,2,1,2,有,無,34000000,275862,,0.0,0,,RPPPMLTJKHHGFFA97EA,123.25,0.0,0.0,無,0220
士林區,房地(土地+建物),臺北市士林區德行東路１０９巷７３弄４號二樓,32.52,住,,,1110102,土地4建物1車位0,二層,五層,公寓(5樓含以下無電梯),住家用,鋼筋混凝土造,0680907,101.57,3,2,2,有,無,19845000,195382,,0.0,0,,RPPNMLKKKHHGFEA86EA,92.97,0.0,8.6,無,
士林區,房地(土地+建物),臺北市士林區葫蘆街６１巷１０號三樓,33.97,住,,,1110104,土地2建物1車位0,三層,四層,公寓(5樓含以下無電梯),住家用,鋼筋混凝土造,0680608,97.16,3,2,1,有,無,9700000,99835,,0.0,0,,RPTPMLSJKHHGFEA08DA,85.69,0.0,11.47,無,
士林區,房地(土地+建物)+車位,臺北市士林區芝玉路一段２２６號十三樓之２,49.37,住,,,1110114,土地1建物1車位2,十三層,十八層,住宅大樓(11層含以上有電梯),住家用,鋼骨鋼筋混凝土造,0971112,239.79000000000002,3,2,2,有,有,52000000,234214,坡道機械,30.58,3000000,,RPRNMLRLJHHGFEA67DA,126.73,4.33,12.99,有,
大安區,房地(土地+建物),臺北市大安區羅斯福路三段２９３號十樓之２,3.51,商,,,1110118,土地1建物1車位0,十層,十二層,住宅大樓(11層含以上有電梯),住家用,鋼筋混凝土造,0701230,37.17,0,1,1,有,有,10880000,292709,,0.0,0,,RPUPMLSJKHHGFFA28DA,28.81,0.0,0.0,有,
中山區,房地(土地+建物),臺北市中山區錦州街１５９號六樓之４,4.09,商,,,1110102,土地1建物1車位0,六層,十二層,住宅大樓(11層含以上有電梯),住家用,鋼筋混凝土造,0690421,43.540000000000006,1,1,1,有,有,8450000,194074,,0.0,0,,RPUOMLTJKHHGFCA97DA,36.56,0.0,0.0,有,
大同區,房地(土地+建物)+車位,臺北市大同區迪化街二段１５８號十樓之９,11.92,住,,,1110103,土地1建物1車位1,十層,十五層,住宅大樓(11層含以上有電梯),住家用,鋼筋混凝土造,1100106,115.85,2,2,1,有,有,19880000,171601,坡道平面,32.11,0,,RPXOMLRLJHHGFBA08DA,47.53,4.23,4.09,有,
大同區,房地(土地+建物)+車位,臺北市大同區承德路三段２６３號五樓之６,19.64,商,,,1110120,土地2建物1車位2,五層,十二層,住宅大樓(11層含以上有電梯),住家用,鋼筋混凝土造,1010918,209.6,3,2,2,有,有,45000000,214695,坡道平面,0.0,4700000,,RPQOMLTJKHHGFBA47DA,81.89,4.85,14.97,有,0233
內湖區,房地(土地+建物)+車位,臺北市內湖區民權東路六段１５０之５號九樓之２,14.26,商,,,1110102,土地1建物1車位1,九層,十四層,住宅大樓(11層含以上有電梯),住家用,鋼筋混凝土造,0980106,200.74,3,2,2,有,有,33600000,167381,坡道平面,0.0,0,,RPXRMLRKJHHGFCA38DA,100.19,2.75,3.79,有,0234
中山區,房地(土地+建物)+車位,臺北市中山區林森北路５８５號六樓之５,13.0,商,,,1110109,土地1建物1車位1,六層,十三層,住宅大樓(11層含以上有電梯),住家用,鋼筋混凝土造,1000726,160.97,2,2,1,有,有,31500000,195689,坡道平面,39.18,0,,RPPOMLKKKHHGFCA66DA,70.11,1.49,10.71,有,
松山區,房地(土地+建物),臺北市松山區八德路三段１６５號三樓之８,9.58,商,,,1110113,土地1建物1車位0,三層,十五層,住宅大樓(11層含以上有電梯),住家用,鋼筋混凝土造,1070331,110.60000000000001,2,2,2,有,有,43500000,393309,,0.0,0,,RPVOMLQLJHHGFDA97DA,62.96,9.22,4.08,有,
北投區,房地(土地+建物)+車位,臺北市北投區三合街一段６５號四樓,41.7,住,,,1110109,土地1建物1車位3,四層,九層,華廈(10層含以下有電梯),住家用,鋼筋混凝土造,1031119,317.72,3,2,2,有,有,48500000,207898,坡道平面,121.47,7700000,,RPRNMLSKJHHGFEA67DA,115.3,6.66,9.48,有,0236
大安區,房地(土地+建物),臺北市大安區和平東路三段４１６巷１５弄１４號,27.43,住,,,1110103,土地1建物1車位0,一層,五層,公寓(5樓含以下無電梯),住家用,鋼筋混凝土造,0750609,102.36,3,2,2,有,無,17300000,169011,,0.0,0,,RPTPMLSJKHHGFFA18DA,83.82,9.53,0.0,無,0239
文山區,房地(土地+建物),臺北市文山區萬慶街２２之３號四樓,35.19,住,,,1110108,土地2建物1車位0,四層，陽台,四層,公寓(5樓含以下無電梯),住家用,鋼筋混凝土造,0630823,90.5,3,2,1,有,無,11400000,125967,,0.0,0,,RPWNMLKKKHHGFAA17EA,90.5,0.0,0.0,無,
士林區,房地(土地+建物),臺北市士林區承德路四段４０巷１號五樓之１１,11.69,住,,,1110109,土地1建物1車位0,五層,五層,公寓(5樓含以下無電梯),住家用,鋼筋混凝土造,0610812,30.7,1,1,1,有,無,4000000,130293,,0.0,0,,RPTPMLTJKHHGFEA18DA,27.5,1.85,1.35,無,
萬華區,房地(土地+建物),臺北市萬華區環河南路一段７１號十一樓之２０,1.77,商,,,1110114,土地1建物1車位0,十一層,十二層,住宅大樓(11層含以上有電梯),住家用,鋼筋混凝土造,0660829,18.46,1,0,1,有,有,2400000,130011,,0.0,0,,RPOOMLKKKHHGFBA56EA,14.82,0.0,0.0,有,0245
中正區,房地(土地+建物),臺北市中正區衡陽路２６號九樓之１,4.68,商,,,1110123,土地1建物1車位0,九層,十五層,住宅大樓(11層含以上有電梯),住家用,鋼筋混凝土造,1050503,58.010000000000005,0,0,0,無,有,18800000,324082,,0.0,0,,RPTOMLKKKHHGFBA07EA,32.47,1.16,3.07,有,
中正區,房地(土地+建物)+車位,臺北市中正區衡陽路２６號十四樓之１,7.47,商,,,1110126,土地1建物1車位1,十四層,十五層,住宅大樓(11層含以上有電梯),住家用,鋼筋混凝土造,1050503,105.67,1,1,1,有,有,31980000,320818,其他,13.78,2500000,,RPUOMLKKKHHGFBA17EA,46.88,0.0,11.23,有,
內湖區,房地(土地+建物)+車位,臺北市內湖區內湖路二段３３８之１號九樓,13.29,住,,,1110105,土地1建物1車位1,九層,十四層,住宅大樓(11層含以上有電梯),住家用,鋼筋混凝土造,1031023,88.44,3,2,2,有,有,15470330,174905,坡道平面,0.0,0,,RPPPMLKKKHHGFCA86EA,42.07,1.25,3.96,有,0247
中山區,房地(土地+建物)+車位,臺北市中山區建國北路三段７１號十一樓之９,12.29,住,,,1110108,土地2建物1車位1,十一層,十四層,住宅大樓(11層含以上有電梯),住家用,鋼筋混凝土造,1041016,123.19999999999999,0,0,0,無,有,25800000,227484,坡道平面,26.49,3800000,,RPRNMLTJKHHGFCA67EA,55.7,0.0,5.49,有,
南港區,房地(土地+建物)+車位,臺北市南港區園區街２６號四樓,25.46,住,,,1110111,土地1建物1車位1,四層,十五層,住宅大樓(11層含以上有電梯),住家用,鋼筋混凝土造,1000412,168.37,2,2,2,有,有,38800000,289381,坡道平面,42.93,2500000,,RPOSMLKKJHHGFDA07EA,79.57,1.7,8.93,有,0249
南港區,房地(土地+建物),臺北市南港區福德街３３９巷７弄８號二樓,22.75,住,,,1110106,土地1建物1車位0,二層,四層,公寓(5樓含以下無電梯),住家用,鋼筋混凝土造,0660521,62.36,3,2,2,有,無,12800000,205260,,0.0,0,,RPWRMLKKJHHGFDA77EA,56.34,0.0,6.02,無,0250
信義區,房地(土地+建物),臺北市信義區光復南路４１７巷１號二樓,20.36,住,,,1110108,土地1建物1車位0,二層,九層,華廈(10層含以下有電梯),住家用,鋼筋混凝土造,0821229,127.02,3,2,2,有,有,36850000,290112,,0.0,0,,RPSOMLLLJHHGFDA27EA,83.85,0.0,11.5,有,
松山區,房地(土地+建物),臺北市松山區光復南路４５巷１８號四樓,26.05,住,,,1110117,土地1建物1車位0,三層，四層,七層,華廈(10層含以下有電梯),住家用,鋼筋混凝土造,0720802,134.99,3,2,2,有,無,28900000,214090,,0.0,0,,RPOOMLLKKHHGFDA86EA,104.92,0.0,19.21,有,0253
北投區,房地(土地+建物),臺北市北投區溫泉路７１號六樓之２３,3.49,都市：其他:特定觀光商業專用區。,,,1110123,土地1建物1車位0,六層,七層,華廈(10層含以下有電梯),住家用,鋼筋混凝土造,0700218,27.240000000000002,1,1,1,有,有,3400000,124816,,0.0,0,,RPPOMLLKKHHGFEA07EA,19.42,0.0,4.02,有,0254
大安區,房地(土地+建物),臺北市大安區瑞安街１７之２號二樓,31.02,住,,,1110113,土地1建物1車位0,二層,六層,華廈(10層含以下有電梯),住家用,鋼筋混凝土造,0711214,139.13,3,2,2,有,有,34200000,245813,,0.0,0,,RPWOMLNJJHHGFFA87EA,100.78,0.0,10.85,有,
大安區,房地(土地+建物)+車位,臺北市大安區敦化南路二段５６號十一樓之１,23.74,住,,,1110129,土地2建物1車位1,十一層,二十一層,住宅大樓(11層含以上有電梯),住家用,鋼筋混凝土造,0710113,299.22999999999996,5,2,2,有,有,99000000,374845,坡道平面,48.47,5000000,,RPOPMLNJJHHGFFA17EA,242.34,0.0,16.93,有,0255
士林區,房地(土地+建物),臺北市士林區社正路１７巷２號四樓之１,13.97,住,,,1110123,土地1建物1車位0,四層,九層,華廈(10層含以下有電梯),住家用,鋼筋混凝土造,1050105,66.26,2,1,1,有,有,12050000,181859,,0.0,0,,RPRNMLOKKHHGFEA47EA,32.86,3.9,3.08,有,0256
信義區,房地(土地+建物),臺北市信義區忠孝東路五段４６９號十二樓之５,4.7,商,,,1110120,土地2建物1車位0,十二層,二十一層,住宅大樓(11層含以上有電梯),住家用,鋼骨造,1100119,42.32,1,1,1,有,有,16120000,380907,,0.0,0,,RPSNMLOKKHHGFDA47EA,24.85,0.0,4.89,有,
中山區,房地(土地+建物)+車位,臺北市中山區南京東路三段１９４巷５號五樓之３,13.46,住,,,1110103,土地1建物1車位1,五層,五層,華廈(10層含以下有電梯),住家用,鋼筋混凝土造,0790724,53.98,1,1,1,有,有,12080000,248240,升降機械,11.36,1500000,,RPTSMLPJJHHGFCA87EA,35.37,7.99,0.0,有,0258
中山區,房地(土地+建物),臺北市中山區德惠街３４號十一樓之２,2.43,商,,,1110117,土地1建物1車位0,十一層,十一層,住宅大樓(11層含以上有電梯),住家用,鋼筋混凝土造,0681219,22.81,1,0,1,有,有,3600000,157826,,0.0,0,,RPQSMLPJJHHGFCA57EA,18.22,0.0,0.0,有,
萬華區,房地(土地+建物),臺北市萬華區武昌街二段１２４之２號八樓之７,4.64,商,,,1110126,土地1建物1車位0,八層,九層,華廈(10層含以下有電梯),住家用,鋼筋混凝土造,0630806,35.4,1,0,1,有,有,3000000,84746,,0.0,0,,RPOOMLLKKHHGFBA66EA,23.15,0.0,0.0,有,
士林區,房地(土地+建物)+車位,臺北市士林區芝玉路一段１９７巷７號六樓,35.95,住,,,1110110,土地1建物1車位1,六層,十四層,住宅大樓(11層含以上有電梯),住家用,鋼筋混凝土造,1000720,204.78,3,2,2,有,有,46000000,267097,坡道平面,43.79,3000000,,RPQPMLTJKHHGFEA87DA,99.65,0.86,7.62,有,0261
文山區,房地(土地+建物)+車位,臺北市文山區興隆路一段５３號三樓之５,14.01,,,,1110121,土地1建物1車位1,三層,九層,華廈(10層含以下有電梯),住家用,鋼筋混凝土造,0860704,97.65,1,1,1,有,有,11660000,119406,升降平面,15.07,0,,RPOOMLLKKHHGFAA56EA,32.82,1.22,6.24,有,
北投區,房地(土地+建物),臺北市北投區天母北路１０５巷１５弄１號八樓之２,9.8,住,,,1110110,土地1建物1車位0,八層,十一層,住宅大樓(11層含以上有電梯),住家用,鋼筋混凝土造,0840629,33.480000000000004,1,0,1,有,有,6000000,179211,,0.0,0,,RPXOMLOKJHHGFEA97DA,20.7,0.92,1.84,有,
南港區,房地(土地+建物),臺北市南港區玉成街７８號五樓,42.08,住,,,1110109,土地1建物1車位0,五層,五層,公寓(5樓含以下無電梯),住家用,鋼筋混凝土造,0731121,117.32000000000001,3,2,2,有,無,19150000,163229,,0.0,0,,RPTOMLPLJHHGFDA67DA,96.62,0.0,10.8,無,
內湖區,房地(土地+建物)+車位,臺北市內湖區金湖路６５巷７號五樓之１,17.05,住,,,1110105,土地1建物1車位1,五層,十四層,住宅大樓(11層含以上有電梯),住家用,鋼筋混凝土造,0940825,134.16,3,2,1,有,有,26900000,260495,坡道平面,41.26,2700000,,RPTOMLTJKHHGFCA87DA,56.14,3.14,8.68,有,
中山區,房地(土地+建物),臺北市中山區新生北路三段８２巷１８號二樓之６,7.95,商,,,1110106,土地1建物1車位0,二層,六層,華廈(10層含以下有電梯),住家用,鋼筋混凝土造,0810929,51.32,2,1,1,有,有,10300000,200701,,0.0,0,,RPTOMLLKKHHGFCA17DA,30.34,0.0,6.04,有,0268
中正區,房地(土地+建物),臺北市中正區信義路二段２５９號四樓之１,6.22,商,,,1110121,土地12建物1車位0,四層,十四層,住宅大樓(11層含以上有電梯),住家用,鋼骨鋼筋混凝土造,1070702,59.11,1,1,1,有,有,26820000,453730,,0.0,0,,RPVOMLSJKHHGFBA87DA,31.94,1.06,4.33,有,0272
大同區,房地(土地+建物),臺北市大同區伊寧街７４號,62.0,住,,,1110105,土地1建物1車位0,一層，騎樓,二層,公寓(5樓含以下無電梯),住家用,加強磚造,0601115,100.16,3,2,2,有,無,19692750,196613,,0.0,0,,RPWNMLPKKHHGFBA67DA,87.58,12.58,0.0,無,0277
中山區,房地(土地+建物)+車位,臺北市中山區五常街１１巷５號十樓之１,18.17,住,,,1110101,土地2建物1車位1,十層,十七層,住宅大樓(11層含以上有電梯),住家用,鋼筋混凝土造,1080918,154.39,2,2,2,有,有,36050000,285487,坡道平面,35.12,2000000,,RPQQMLLLJHHGFCA07DA,70.05,6.18,4.42,有,
內湖區,房地(土地+建物)+車位,臺北市內湖區內湖路一段４１１巷６８號九樓,77.0,住,,,1110106,土地2建物1車位4,九層,二十八層,住宅大樓(11層含以上有電梯),住家用,鋼骨鋼筋混凝土造,1051026,549.95,2,2,3,有,有,130000000,236381,坡道平面,101.0,0,,RPOQMLOKKHHGFCA17DA,252.35,11.47,27.64,有,0279
南港區,房地(土地+建物)+車位,臺北市南港區經貿二路２３５巷２９號十一樓,57.08,住,,,1110107,土地1建物1車位2,十一層,二十一層,住宅大樓(11層含以上有電梯),住家用,鋼骨鋼筋混凝土造,1031204,344.32,4,2,3,有,有,93500000,271550,坡道平面,0.0,6000000,,RPPNMLOKKHHGFDA07DA,177.71,0.0,18.17,有,0283
士林區,房地(土地+建物)+車位,臺北市士林區至善路二段９０號五樓之６,34.15,住,,,1110103,土地1建物1車位1,五層,五層,公寓(5樓含以下無電梯),住家用,鋼筋混凝土造,1040915,113.44999999999999,1,1,1,有,有,20500000,180696,坡道平面,35.53,0,,RPVNMLPKKHHGFEA87DA,45.13,0.0,4.49,無,
士林區,房地(土地+建物),臺北市士林區德行東路６之２號,35.38,住,,,1110110,土地2建物1車位0,一層,七層,華廈(10層含以下有電梯),住家用,鋼筋混凝土造,0720420,166.67000000000002,0,0,0,無,有,97500000,584988,,0.0,0,,RPTNMLLKKHHGFEA27DA,118.99,20.66,0.0,有,
中山區,房地(土地+建物),臺北市中山區民生東路一段７２號十樓之１,3.03,商,,,1110111,土地1建物1車位0,十層,十二層,住宅大樓(11層含以上有電梯),住家用,鋼筋混凝土造,0700423,30.65,0,0,0,無,有,4530000,147798,,0.0,0,,RPRQMLOKKHHGFCA57EA,20.77,0.0,0.0,有,
南港區,房地(土地+建物)+車位,臺北市南港區研究院路三段１２巷３號二樓,70.93,住,,,1110108,土地2建物1車位1,二層,八層,華廈(10層含以下有電梯),住家用,鋼筋混凝土造,0921204,178.91000000000003,4,2,2,有,有,23350000,130513,坡道平面,0.0,0,,RPTRMLLLJHHGFDA67EA,100.66,0.0,10.46,有,0286
信義區,房地(土地+建物)+車位,臺北市信義區松德路６號十樓,16.02,商,,,1110125,土地2建物1車位1,十層,十二層,住宅大樓(11層含以上有電梯),住家用,鋼筋混凝土造,0791213,134.51999999999998,1,1,2,有,有,28600000,212608,升降機械,0.0,0,,RPVOMLPKKHHGFDA97EA,114.42,1.43,10.89,有,0290
松山區,房地(土地+建物),臺北市松山區八德路三段１９９巷８號,24.88,住,,,1110116,土地1建物1車位0,一層,五層,公寓(5樓含以下無電梯),住家用,鋼筋混凝土造,0681105,89.84,0,0,0,無,無,24660000,274488,,0.0,0,,RPQNMLQKKHHGFDA47EA,74.57,15.27,0.0,無,
大同區,房地(土地+建物)+車位,臺北市大同區通河西街一段３號十樓,39.09,住,,,1110106,土地1建物1車位3,十層,十五層,住宅大樓(11層含以上有電梯),住家用,鋼筋混凝土造,0980521,273.06,2,2,2,有,有,60000000,219732,塔式車位,0.0,0,,RPWOMLQKKHHGFBA97EA,134.91,16.91,16.42,有,
中正區,房地(土地+建物),臺北市中正區晉江街７５號六樓,18.0,商,,,1110112,土地2建物1車位0,六層,七層,華廈(10層含以下有電梯),住家用,鋼筋混凝土造,1021023,78.88,0,0,0,無,有,19880000,252028,,0.0,0,,RPRQMLPJJHHGFAA27EA,43.86,3.33,4.07,有,
士林區,房地(土地+建物)+車位,臺北市士林區福華路２號,16.07,住,,,1110104,土地1建物1車位1,一層,九層,華廈(10層含以下有電梯),住家用,鋼筋混凝土造,1070709,141.60000000000002,3,2,2,有,有,33500000,298651,升降平面,37.8,2500000,,RPQNMLNLJHHGFEA17DA,73.15,0.0,0.0,有,0297
信義區,房地(土地+建物)+車位,臺北市信義區信安街１０３巷８號二樓,44.81,住,,,1110107,土地1建物1車位1,二層,五層,華廈(10層含以下有電梯),住家用,鋼筋混凝土造,1100618,121.18,2,2,1,有,有,26680000,268092,升降平面,31.36,2600000,,RPPNMLLKKHHGFDA76DA,49.4,4.14,4.05,有,
信義區,房地(土地+建物)+車位,臺北市信義區信安街１０３巷６之６號二樓,48.62,住,,,1110116,土地1建物1車位1,二層,五層,華廈(10層含以下有電梯),住家用,鋼筋混凝土造,1100618,126.19999999999999,2,2,1,有,有,28000000,263131,升降平面,28.72,2350000,,RPXOMLKKKHHGFDA57DA,51.08,7.16,4.27,有,
內湖區,房地(土地+建物),臺北市內湖區環山路一段１３６巷１４弄６號三樓,28.32,住,,,1110109,土地4建物1車位0,三層,四層,公寓(5樓含以下無電梯),住家用,鋼筋混凝土造,0660609,76.69,3,2,1,有,有,13000000,169514,,0.0,0,,RPVOMLQLJHHGFCA87DA,68.94,0.0,7.75,無,
內湖區,房地(土地+建物),臺北市內湖區金龍路４７巷２０之１號,30.87,住,,,1110108,土地1建物1車位0,一層,五層,公寓(5樓含以下無電梯),住家用,鋼筋混凝土造,0730330,95.15,3,2,1,有,有,16500000,173410,,0.0,0,,RPXPMLRJKHHGFCA18DA,85.7,9.45,0.0,無,
萬華區,房地(土地+建物)+車位,臺北市萬華區中華路一段１６０號十四樓,12.53,商,,,1110111,土地1建物1車位1,十四層,十五層,住宅大樓(11層含以上有電梯),住家用,鋼筋混凝土造,1020104,191.89,2,2,2,有,有,41000000,239944,坡道平面,33.52,3000000,,RPOOMLPLJHHGFBA96DA,103.0,0.0,5.76,有,
中山區,房地(土地+建物)+車位,臺北市中山區南京東路三段１１２號四樓,11.34,商,,,1110107,土地1建物1車位1,四層,二十層,住宅大樓(11層含以上有電梯),住家用,鋼骨造,1091113,152.53,0,0,0,無,有,45680000,357064,坡道平面,34.26,3450000,,RPXOMLSLKIGGFCA38DA,60.9,3.04,10.08,有,
大同區,房地(土地+建物),臺北市大同區承德路三段１２２巷１２號二樓之１,11.63,住,,,1110110,土地1建物1車位0,二層,七層,華廈(10層含以下有電梯),住家用,鋼筋混凝土造,1090824,67.14,1,1,1,有,無,14500000,215967,,0.0,0,,RPVPMLSKJHHGFBA97DA,32.68,2.69,3.32,有,0305
文山區,房地(土地+建物)+車位,臺北市文山區萬芳路１０７巷８號十四樓,42.56,住,,,1110114,土地1建物1車位3,十四層,十五層,住宅大樓(11層含以上有電梯),住家用,鋼筋混凝土造,1010919,262.14,3,2,2,有,有,45660000,174182,坡道平面,68.45,0,,RPRNMLPKKHHGFAA07DA,114.34,12.62,8.31,有,0306
中山區,房地(土地+建物),臺北市中山區復興北路４０２巷１２號四樓,27.99,住,,,1110105,土地1建物1車位0,四層,七層,華廈(10層含以下有電梯),住家用,鋼筋混凝土造,0730411,143.47,3,2,2,有,有,38190000,266188,,0.0,0,,RPORMLNKJHHGFCA07DA,116.84,0.0,17.03,有,0308
大同區,房地(土地+建物)+車位,臺北市大同區重慶北路二段１７５之１號十五樓,9.6,商,,,1110122,土地1建物1車位4,十五層,十五層,住宅大樓(11層含以上有電梯),住家用,鋼筋混凝土造,1080529,153.98000000000002,2,2,1,有,有,23680000,211884,升降機械,57.04,3140000,,RPSNMLOLJHHGFBA17DA,49.2,4.26,5.07,有,
中山區,房地(土地+建物),臺北市中山區林森北路４１３號八樓之５,6.29,商,,,1110116,土地3建物1車位0,八層,十三層,住宅大樓(11層含以上有電梯),住家用,鋼筋混凝土造,0730927,66.03,2,1,1,有,有,9550000,144631,,0.0,0,,RPSWMLTKJHHGFCA58DA,50.89,0.0,3.01,有,0310
內湖區,房地(土地+建物)+車位,臺北市內湖區星雲街１３５號十二樓之３,29.72,住,,,1110122,土地1建物1車位2,十二層,十四層,住宅大樓(11層含以上有電梯),住家用,鋼筋混凝土造,0931222,237.99,4,2,2,有,有,55500000,274695,坡道平面,54.15,5000000,,RPSRMLPKKHHGFCA77DA,110.53,5.34,12.41,有,
中山區,房地(土地+建物),臺北市中山區林森北路３０６號十四樓之７,4.92,商,,,1110114,土地1建物1車位0,十四層,十四層,住宅大樓(11層含以上有電梯),住家用,鋼筋混凝土造,0920213,44.7,1,1,1,有,有,9050000,202461,,0.0,0,,RPSSMLPKKHHGFCA87DA,28.59,0.0,1.46,有,0312
中山區,房地(土地+建物),臺北市中山區錦西街３１號六樓之２,8.32,商,,,1110115,土地1建物1車位0,六層,七層,華廈(10層含以下有電梯),住家用,鋼筋混凝土造,0660608,46.14,1,1,1,有,有,9353200,202713,,0.0,0,,RPWOMLQKKHHGFCA97DA,32.5,0.0,0.0,有,
中山區,房地(土地+建物)+車位,臺北市中山區林森北路３０８號十四樓之１,6.92,商,,,1110116,土地1建物1車位1,十四層,十五層,住宅大樓(11層含以上有電梯),住家用,鋼骨造,0990409,91.13,1,1,1,有,有,14180000,155602,塔式車位,20.91,0,,RPQQMLQKKHHGFCA57DA,39.06,0.0,5.4,有,
中山區,房地(土地+建物)+車位,臺北市中山區林森北路３０８號十四樓之２,8.16,商,,,1110116,土地1建物1車位1,十四層,十五層,住宅大樓(11層含以上有電梯),住家用,鋼骨造,0990409,104.19,1,1,1,有,有,16500000,158365,塔式車位,20.91,0,,RPRQMLQKKHHGFCA67DA,46.3,0.0,6.58,有,
內湖區,房地(土地+建物),臺北市內湖區民權東路六段１５０之１號二樓之１,3.44,商,,,1110118,土地1建物1車位0,二層,十四層,住宅大樓(11層含以上有電梯),住家用,鋼筋混凝土造,0980106,42.879999999999995,1,1,1,有,有,8000000,186567,,0.0,0,,RPQOMLKKKHHGFCA76DA,25.1,1.04,0.0,有,
信義區,房地(土地+建物),臺北市信義區忠孝東路五段４６９號十一樓之８,4.34,商,,,1110116,土地2建物1車位0,十一層,二十一層,住宅大樓(11層含以上有電梯),住家用,鋼骨造,1100119,38.91,1,1,1,有,有,13680000,351581,,0.0,0,,RPTOMLPKKHHGFDA67DA,24.84,2.38,0.0,有,
信義區,房地(土地+建物)+車位,臺北市信義區信安街１０３巷８號四樓之５,48.76,住,,,1110120,土地1建物1車位1,四層,五層,華廈(10層含以下有電梯),住家用,鋼筋混凝土造,1100618,130.06,2,2,2,有,有,28800000,266971,升降平面,31.36,2450000,,RPSNMLKKKHHGFDA96DA,54.21,5.28,4.15,有,
北投區,房地(土地+建物),臺北市北投區文化三路１６６號五樓,22.38,住,,,1110118,土地1建物1車位0,五層,十層,華廈(10層含以下有電梯),住家用,鋼筋混凝土造,1080503,94.63,2,2,1,有,有,16800000,177534,,0.0,0,,RPWOMLTJKHHGFEA38DA,47.67,8.04,4.93,有,0321
北投區,房地(土地+建物),臺北市北投區大興街２３巷２５號,38.59,住,,,1110117,土地2建物1車位0,一層,五層,公寓(5樓含以下無電梯),住家用,鋼筋混凝土造,0720112,202.6,0,0,0,無,無,24000000,118460,,0.0,0,,RPROMLSJKHHGFEA77DA,82.94,109.93,0.0,無,
北投區,房地(土地+建物),臺北市北投區大興街２３巷２５號二樓,38.59,住,,,1110117,土地2建物1車位0,二層,五層,公寓(5樓含以下無電梯),住家用,鋼筋混凝土造,0720112,116.01,1,1,2,有,無,14000000,120679,,0.0,0,,RPSOMLSJKHHGFEA87DA,82.94,2.97,20.37,無,
大同區,房地(土地+建物)+車位,臺北市大同區延平北路二段５５號五樓,15.73,商,,,1110124,土地2建物1車位1,五層,十四層,住宅大樓(11層含以上有電梯),住家用,鋼筋混凝土造,0981203,186.85000000000002,3,2,2,有,有,31880000,170618,坡道平面,0.0,0,,RPSPMLRKKHHGFBA77EA,89.48,2.49,10.43,有,
中山區,房地(土地+建物),臺北市中山區新生北路二段６６號九樓之１８,1.88,商,,,1110107,土地1建物1車位0,九層,十二層,住宅大樓(11層含以上有電梯),住商用,鋼筋混凝土造,0690721,23.11,0,0,0,無,有,4300000,186067,,0.0,0,,RPSPMLQKKHHGFCA77EA,16.45,0.0,1.79,有,
信義區,房地(土地+建物)+車位,臺北市信義區中坡南路２０１巷１８之３號十二樓,14.66,住,,,1110110,土地1建物1車位1,十二層,二十層,住宅大樓(11層含以上有電梯),住家用,鋼骨鋼筋混凝土造,1100423,140.31,2,2,1,有,有,34700000,294774,坡道平面,32.77,3000000,,RPVPMLLLJHHGFDA67EA,55.53,10.22,5.2,有,
松山區,房地(土地+建物),臺北市松山區新東街１６巷１５號三樓,43.38,都市：其他:住宅用地(民生社區特定專用區)。,,,1110109,土地1建物1車位0,三層,四層,公寓(5樓含以下無電梯),住家用,鋼筋混凝土造,0620122,115.73,3,2,2,有,無,23600000,203923,,0.0,0,,RPOQMLLLJHHGFDA07EA,107.24,0.0,8.49,無,0324
松山區,房地(土地+建物),臺北市松山區光復北路１６１巷１號五樓,40.8,住,,,1110109,土地2建物1車位0,五層,五層,公寓(5樓含以下無電梯),住家用,鋼筋混凝土造,0670620,131.82,4,2,2,有,無,27000000,204825,,0.0,0,,RPPQMLLLJHHGFDA17EA,121.94,0.0,9.88,無,
信義區,房地(土地+建物)+車位,臺北市信義區忠孝東路五段４７３號五樓,18.79,商,,,1110118,土地2建物1車位1,五層,十五層,住宅大樓(11層含以上有電梯),住家用,鋼骨造,1100119,188.57,4,2,2,有,有,58900000,355842,坡道平面,32.04,3200000,,RPUNMLQKKHHGFDA87EA,95.16,4.57,12.76,有,
士林區,房地(土地+建物)+車位,臺北市士林區菁山路７２巷２７號四樓,43.55,住,,,1110110,土地3建物1車位1,四層,四層,華廈(10層含以下有電梯),住家用,鋼筋混凝土造,1100308,89.53,2,2,1,有,無,19000000,212219,坡道機械,0.0,0,,RPVNMLRKKHHGFEA18EA,47.02,2.96,7.47,有,
北投區,房地(土地+建物)+車位,臺北市北投區承德路七段１６２號七樓之１,22.76,住,,,1110110,土地2建物1車位1,七層,十三層,住宅大樓(11層含以上有電梯),住家用,鋼筋混凝土造,1030417,189.42000000000002,3,2,2,有,有,36150000,218302,坡道平面,36.65,2800000,,RPPOMLRKKHHGFEA67EA,93.78,4.88,7.09,有,
士林區,房地(土地+建物),臺北市士林區雙溪街１０２號七樓之２,6.73,住,,,1110114,土地1建物1車位0,七層,九層,華廈(10層含以下有電梯),住家用,鋼筋混凝土造,0810109,28.04,0,0,0,無,有,6450000,230029,,0.0,0,,RPROMLRKKHHGFEA87EA,21.93,0.0,0.0,有,0333
信義區,房地(土地+建物)+車位,臺北市信義區忠孝東路五段４６９號十樓之９,15.54,商,,,1110117,土地2建物1車位1,十層,二十一層,住宅大樓(11層含以上有電梯),住家用,鋼骨造,1100119,163.2,3,2,1,有,有,50820000,363040,坡道平面,32.03,3200000,,RPPNMLRKKHHGFDA47EA,77.22,8.86,6.38,有,0334
松山區,房地(土地+建物),臺北市松山區南京東路五段２３９號十三樓之１１,3.74,都市：其他:聯合開發區(捷)。,,,1110117,土地1建物1車位0,十三層,十八層,住宅大樓(11層含以上有電梯),住家用,鋼筋混凝土造,0980331,46.44,1,1,1,有,有,13000000,279931,,0.0,0,,RPSRMLLLJHHGFDA57EA,27.09,0.0,3.51,有,0335
中山區,房地(土地+建物)+車位,臺北市中山區建國北路三段７１號四樓之５,8.93,住,,,1110112,土地2建物1車位1,四層,十四層,住宅大樓(11層含以上有電梯),住家用,鋼筋混凝土造,1041016,89.59,0,0,0,無,有,21400000,241112,坡道機械,8.3,1800000,,RPTNMLQKKHHGFCA67EA,47.66,3.74,0.0,有,
北投區,房地(土地+建物),臺北市北投區奇岩路６之７號四樓,6.71,住,,,1110122,土地1建物1車位0,四層,六層,華廈(10層含以下有電梯),住家用,鋼筋混凝土造,0701124,34.14,1,1,1,有,有,3700000,108377,,0.0,0,,RPRPMLLKKHHGFEA27DA,22.74,0.0,4.81,有,0339
士林區,房地(土地+建物),臺北市士林區德行西路６１號四樓,20.39,都市：其他:市場用地(公共設施用地)。59/7/4,,,1110109,土地3建物1車位0,四層,十一層,住宅大樓(11層含以上有電梯),住家用,鋼筋混凝土造,0790829,125.58000000000001,3,2,2,有,有,34500000,274725,,0.0,0,,RPVNMLMLJHHGFEA57DA,92.27,0.0,11.16,有,
信義區,房地(土地+建物),臺北市信義區忠孝東路五段４６９號十一樓之１,4.34,商,,,1110116,土地2建物1車位0,十一層,二十一層,住宅大樓(11層含以上有電梯),住家用,鋼骨造,1100119,39.39,1,1,1,有,有,14000000,355420,,0.0,0,,RPSOMLPKKHHGFDA57DA,25.31,2.38,0.0,有,
信義區,房地(土地+建物),臺北市信義區松勤街９號七樓之５,12.35,都市：其他:特定業務區(信義計畫特定專用區)。,,,1110118,土地1建物1車位0,七層,十九層,住宅大樓(11層含以上有電梯),住家用,鋼骨造,0961225,99.37,1,2,1,有,有,41480000,417430,,0.0,0,,RPQPMLKKKHHGFDA96DA,57.19,9.36,0.14,有,0341
信義區,房地(土地+建物),臺北市信義區松勤街９號五樓之１４,6.04,都市：其他:特定業務區(信義計畫特定專用區)。,,,1110117,土地1建物1車位0,五層,十九層,住宅大樓(11層含以上有電梯),住家用,鋼骨造,0961225,48.45,1,1,1,有,有,18300000,377709,,0.0,0,,RPTOMLRJKHHGFDA77DA,29.97,2.39,0.07,有,0342
萬華區,房地(土地+建物),臺北市萬華區青年路１６８巷１８號三樓,15.47,住,,,1110117,土地2建物1車位0,三層，陽台,五層,公寓(5樓含以下無電梯),住家用,鋼筋混凝土造,0640523,37.87,2,1,1,有,無,5400000,142593,,0.0,0,,RPXNMLRKKHHGFBA97DA,37.87,0.0,0.0,無,0347
大同區,房地(土地+建物),臺北市大同區重慶北路二段１６巷１７號,104.0,商,,,1110127,土地4建物2車位0,全,三層,透天厝,,加強磚造,,206.09,4,2,2,有,無,50000000,242612,,0.0,0,,RPSOMLRLJHHGFBA57DA,206.09,0.0,0.0,無,
文山區,房地(土地+建物),臺北市文山區育英街７９號五樓之１,15.87,住,,,1110119,土地1建物1車位0,五層,七層,華廈(10層含以下有電梯),住家用,鋼筋混凝土造,1091225,67.46000000000001,1,1,1,有,有,16580000,245775,,0.0,0,,RPSNMLKKKHHGFAA66DA,37.77,2.75,5.57,有,
文山區,房地(土地+建物)+車位,臺北市文山區木新路三段９５巷７弄３號八樓,28.15,住,,,1110116,土地1建物1車位1,八層,十三層,住宅大樓(11層含以上有電梯),住家用,鋼筋混凝土造,0990324,219.81,2,2,2,有,有,31360000,163420,坡道平面,43.21,2500000,,RPOPMLRKKHHGFAA17DA,92.52,13.43,7.67,有,
大同區,房地(土地+建物)+車位,臺北市大同區敦煌路８０巷２之１號三樓之１,30.21,住,,,1110107,土地2建物1車位1,三層,十五層,住宅大樓(11層含以上有電梯),住家用,鋼筋混凝土造,0970516,196.16,2,2,2,有,有,38000000,193719,坡道平面,37.32,0,,RPVNMLRJJHHGFBA57DA,107.37,3.53,5.18,有,
中山區,房地(土地+建物),臺北市中山區民生東路二段１４７巷１２弄２６號二樓,30.0,住,,,1110117,土地1建物1車位0,二層,三層,公寓(5樓含以下無電梯),住家用,加強磚造,0550115,68.56,3,2,1,有,無,12500000,182322,,0.0,0,,RPPOMLRKJHHGFCA27DA,68.56,0.0,0.0,無,
內湖區,房地(土地+建物),臺北市內湖區港墘路１５５巷７弄７號五樓,40.17,住,,,1110109,土地1建物1車位0,五層,五層,公寓(5樓含以下無電梯),住家用,鋼筋混凝土造,0690912,144.64,4,2,2,有,無,22400000,154867,,0.0,0,,RPTQMLTKJHHGFCA08DA,129.28,0.0,15.36,無,
中山區,房地(土地+建物)+車位,臺北市中山區松江路４１０號五樓之１,10.29,住,,,1110105,土地2建物1車位1,五層,十七層,住宅大樓(11層含以上有電梯),住家用,鋼筋混凝土造,1040713,124.92,2,2,1,有,有,32850000,311613,坡道平面,29.77,3200000,,RPPTMLPKKHHGFCA67DA,57.48,4.31,4.35,有,
內湖區,房地(土地+建物),臺北市內湖區文德路２１０巷３０弄３８號四樓,25.66,住,,,1110108,土地1建物1車位0,四層,五層,公寓(5樓含以下無電梯),住家用,鋼筋混凝土造,0720308,96.73,4,2,2,有,無,15800000,163341,,0.0,0,,RPWOMLRKKHHGFCA08DA,77.59,0.0,9.92,無,0355
中山區,房地(土地+建物)+車位,臺北市中山區五常街１１巷５號十一樓之１,18.69,住,,,1110108,土地2建物1車位2,十一層,十七層,住宅大樓(11層含以上有電梯),住家用,鋼筋混凝土造,1080918,192.43,2,2,2,有,有,40800000,302675,坡道平面,73.16,4700000,,RPRPMLTJKHHGFCA77DA,70.05,6.18,4.42,有,
信義區,房地(土地+建物),臺北市信義區吳興街６００巷５２號,21.83,住,,,1110119,土地1建物1車位0,一層,四層,公寓(5樓含以下無電梯),住商用,鋼筋混凝土造,0780927,79.28,2,2,1,有,無,15600000,196771,,0.0,0,,RPOOMLSKKHHGFDA47DA,62.15,8.75,0.0,無,
大安區,房地(土地+建物)+車位,臺北市大安區潮州街６５號八樓,59.16,住,,,1110107,土地1建物1車位4,八層,十六層,住宅大樓(11層含以上有電梯),住家用,鋼骨鋼筋混凝土造,1031006,531.35,0,0,0,無,有,127000000,239014,坡道平面,199.56,0,,RPQOMLRKKHHGFFA77DA,173.12,7.15,29.92,有,0362
文山區,房地(土地+建物),臺北市文山區和興路５２巷７弄６號三樓,7.39,,,,1110111,土地1建物1車位0,三層,十三層,住宅大樓(11層含以上有電梯),住家用,鋼筋混凝土造,0851227,38.01,1,1,1,有,有,5930000,156012,,0.0,0,,RPPOMLSKKHHGFAA37EA,22.61,1.46,3.47,有,0363
士林區,房地(土地+建物),臺北市士林區中山北路六段４３５號四樓,22.8,住,,,1110115,土地1建物1車位0,四層,五層,公寓(5樓含以下無電梯),住家用,鋼筋混凝土造,0670908,82.07,3,1,1,有,無,14900000,181552,,0.0,0,,RPSOMLRKKHHGFEA87DA,72.98,0.0,9.09,無,0364
萬華區,房地(土地+建物),臺北市萬華區中華路二段４１６巷１１０號八樓,53.47,住,,,1110123,土地1建物1車位0,八層,十層,華廈(10層含以下有電梯),住家用,鋼筋混凝土造,0800810,145.49,3,2,2,有,有,22500000,154650,,0.0,0,,RPWNMLLLKHHGFBA47EA,102.0,1.36,12.09,有,
中山區,房地(土地+建物),臺北市中山區復興北路６６號十一樓,7.44,商,,,1110116,土地1建物1車位0,十一層,十二層,住宅大樓(11層含以上有電梯),住家用,鋼筋混凝土造,0680425,74.53999999999999,2,2,1,有,有,19160000,257043,,0.0,0,,RPXPMLSKKHHGFCA48EA,56.27,0.0,9.5,有,
內湖區,房地(土地+建物),臺北市內湖區成功路四段１８８號十四樓之２０,12.58,,,,1110121,土地1建物1車位0,十四層,十五層,住宅大樓(11層含以上有電梯),辦公用,鋼筋混凝土造,1050616,68.2,0,0,0,無,有,18980000,278299,,0.0,0,,RPSPMLSKKHHGFCA97EA,41.34,0.0,3.79,有,0368
中山區,房地(土地+建物)+車位,臺北市中山區五常街１１巷７號十五樓之２,11.91,住,,,1110125,土地2建物1車位1,十五層,十七層,住宅大樓(11層含以上有電梯),住家用,鋼筋混凝土造,1080918,114.71000000000001,2,2,1,有,有,22580000,261902,坡道平面,38.04,2500000,,RPRRMLLKJHHGFCA27EA,43.23,4.3,4.37,有,0369
松山區,房地(土地+建物),臺北市松山區撫遠街３６９巷４號四樓,55.1,都市：其他:住宅用地(民生社區特定專用區) 但是否在道路用地(公共設施用地)(應依建築線或俟地籍測量分割後，再確定)。,,,1110114,土地1建物1車位0,四層,四層,公寓(5樓含以下無電梯),住家用,鋼筋混凝土造,0610519,102.38,3,2,2,有,無,20200000,197304,,0.0,0,,RPSQMLLLJHHGFDA47EA,102.38,0.0,0.0,無,0370
信義區,房地(土地+建物),臺北市信義區莊敬路２５２號四樓,22.02,商,,,1110117,土地1建物1車位0,四層,七層,華廈(10層含以下有電梯),住家用,鋼筋混凝土造,0720917,120.68,3,2,2,有,無,27000000,223732,,0.0,0,,RPPPMLSKKHHGFDA77EA,98.24,0.0,15.96,有,
士林區,房地(土地+建物)+車位,臺北市士林區通河街１７號四樓,17.41,住,,,1110110,土地1建物1車位1,四層,八層,華廈(10層含以下有電梯),住家用,鋼筋混凝土造,1011112,126.95,2,1,1,有,有,22500000,177235,升降平面,0.0,0,,RPTSMLLLKHHGFEA97EA,42.97,1.06,5.17,有,
松山區,房地(土地+建物),臺北市松山區復興南路一段４５號九樓之１,12.56,商,,,1110113,土地1建物1車位0,九層,十二層,住宅大樓(11層含以上有電梯),住家用,鋼筋混凝土造,0701203,127.42999999999999,3,2,2,有,有,35000000,274661,,0.0,0,,RPTSMLLLKHHGFDA87EA,98.53,0.0,13.74,有,
中山區,房地(土地+建物),臺北市中山區中山北路二段２６巷２４號三樓,24.34,住,,,1110115,土地1建物1車位0,三層,五層,華廈(10層含以下有電梯),住家用,鋼筋混凝土造,1000923,107.58000000000001,2,2,2,有,無,25000000,232385,,0.0,0,,RPPPMLMLKHHGFCA17EA,52.97,0.0,18.96,有,0376
內湖區,房地(土地+建物)+車位,臺北市內湖區內湖路一段６２９巷１０１弄２０號六樓之１,34.04,住,,,1110111,土地1建物1車位1,六層,八層,華廈(10層含以下有電梯),住家用,鋼筋混凝土造,0900712,188.22,3,2,2,有,有,32000000,170014,坡道平面,0.0,0,,RPVQMLLLKHHGFCA77EA,84.99,0.0,9.77,有,
中山區,房地(土地+建物)+車位,臺北市中山區建國北路三段７１號二樓之５,8.93,住,,,1110110,土地2建物1車位1,二層,十四層,住宅大樓(11層含以上有電梯),住家用,鋼筋混凝土造,1041016,89.55000000000001,0,0,0,無,有,19500000,214048,坡道機械,8.26,2100000,,RPUNMLLLKHHGFCA37EA,47.64,3.74,0.0,有,
中山區,房地(土地+建物)+車位,臺北市中山區建國北路三段７１號十一樓,8.3,住,,,1110108,土地2建物1車位1,十一層,十四層,住宅大樓(11層含以上有電梯),住家用,鋼筋混凝土造,1041016,83.24000000000001,0,0,0,無,有,19480000,231919,坡道機械,8.3,2100000,,RPVNMLLLKHHGFCA47EA,44.07,3.32,0.0,有,
中山區,房地(土地+建物)+車位,臺北市中山區建國北路三段７１號十三樓,8.3,住,,,1110108,土地2建物1車位1,十三層,十四層,住宅大樓(11層含以上有電梯),住家用,鋼筋混凝土造,1041016,83.24000000000001,0,0,0,無,有,19880000,237256,坡道機械,8.3,2100000,,RPWNMLLLKHHGFCA57EA,44.07,3.32,0.0,有,
士林區,房地(土地+建物),臺北市士林區中山北路七段１１４巷１０弄１號二樓,31.62,住,,,1110105,土地1建物1車位0,二層，陽台,四層,公寓(5樓含以下無電梯),住家用,鋼筋混凝土造,0640331,89.36,3,1,1,有,無,14500000,162265,,0.0,0,,RPPOMLSKKHHGFEA67DA,89.36,0.0,0.0,無,
士林區,房地(土地+建物)+車位,臺北市士林區格致路１７７號三樓,156.37,住,,,1110127,土地1建物1車位3,三層,四層,華廈(10層含以下有電梯),住家用,鋼骨造,1020409,408.51,0,0,0,無,有,70770000,204373,坡道平面,91.59,6000000,,RPQPMLPKKHHGFEA57DA,190.38,3.14,20.45,有,
大安區,房地(土地+建物),臺北市大安區敦化南路二段２００巷１４弄１０之１號四樓,27.88,住,,,1110104,土地1建物1車位0,四層,五層,公寓(5樓含以下無電梯),住家用,鋼筋混凝土造,0690520,101.03,3,2,1,有,無,21680000,214590,,0.0,0,,RPROMLOLJHHGFFA57DA,86.39,0.0,14.64,無,
信義區,房地(土地+建物)+車位,臺北市信義區信安街１０３巷８之６號三樓,57.49,住,,,1110122,土地1建物1車位1,三層,五層,華廈(10層含以下有電梯),住家用,鋼筋混凝土造,1021022,186.84,3,2,2,有,有,41300000,221045,其他,40.55,0,,RPXOMLSKKHHGFDA38DA,81.18,11.22,9.15,有,0379
松山區,房地(土地+建物)+車位,臺北市松山區延壽街３３０巷１６弄５號八樓之２,56.68,住,,,1110119,土地1建物1車位1,八層,十一層,住宅大樓(11層含以上有電梯),住家用,鋼筋混凝土造,0980320,211.14,4,2,2,有,有,53000000,251018,坡道平面,0.0,0,,RPVNMLLLKHHGFDA47DA,117.23,0.0,10.76,有,
信義區,房地(土地+建物),臺北市信義區永吉路３２６巷２５號三樓,31.82,住,,,1110119,土地1建物1車位0,三層,五層,公寓(5樓含以下無電梯),住家用,鋼筋混凝土造,0730420,100.21,2,2,1,有,無,21000000,209560,,0.0,0,,RPROMLTKJHHGFDA77DA,89.22,0.0,10.99,無,
內湖區,房地(土地+建物)+車位,臺北市內湖區民權東路六段２８０巷１５５弄９號四樓,36.89,住,,,1110106,土地1建物1車位1,四層,八層,華廈(10層含以下有電梯),住家用,鋼筋混凝土造,0821231,152.93,3,2,2,有,有,29010000,189695,坡道平面,0.0,0,,RPSQMLSKKHHGFCA97DA,89.22,1.83,11.95,有,
中山區,房地(土地+建物)+車位,臺北市中山區林森北路５８７號五樓之６,9.37,商,,,1110129,土地1建物1車位1,五層,十三層,住宅大樓(11層含以上有電梯),住家用,鋼筋混凝土造,1000726,129.89,2,1,1,有,有,25000000,192485,坡道平面,39.18,0,,RPUPMLPKKHHGFCA77DA,50.48,1.58,4.59,有,
中山區,房地(土地+建物),臺北市中山區中山北路二段２７巷２號四樓之３,13.14,商,,,1110118,土地1建物2車位0,四層,七層,華廈(10層含以下有電梯),住商用,鋼筋混凝土造,0700511,81.56,3,2,2,有,有,19500000,239088,,0.0,0,,RPRNMLMLKHHGFCA07DA,61.43,0.0,0.0,有,
萬華區,房地(土地+建物),臺北市萬華區雙園街２１巷１７號,33.5,住,,,1110117,土地2建物1車位0,一層,二層,公寓(5樓含以下無電梯),,加強磚造,,46.75,2,1,1,有,無,7000000,149733,,0.0,0,,RPSNMLSKKHHGFBA57DA,46.75,0.0,0.0,無,
大同區,房地(土地+建物)+車位,臺北市大同區迪化街二段１５８號十五樓之８,22.71,住,,,1110118,土地1建物1車位1,十五層,十五層,住宅大樓(11層含以上有電梯),住家用,鋼筋混凝土造,1100106,191.55,3,2,2,有,有,39000000,203602,坡道平面,32.11,0,,RPOPMLLLKHHGFBA76DA,90.89,10.13,5.03,有,
內湖區,房地(土地+建物),臺北市內湖區成功路二段４９６號二樓,27.01,住,,,1110128,土地2建物1車位0,二層,五層,公寓(5樓含以下無電梯),住家用,鋼筋混凝土造,0691028,85.92,3,1,1,有,無,10000000,116387,,0.0,0,,RPSNMLMLKHHGFCA17DA,80.78,0.0,5.14,無,
中山區,房地(土地+建物),臺北市中山區雙城街４３巷２１號五樓之４,8.01,商,,,1110115,土地1建物1車位0,五層,六層,華廈(10層含以下有電梯),住家用,鋼筋混凝土造,0830820,37.29,1,0,1,有,有,7280000,195227,,0.0,0,,RPPRMLLLKHHGFCA17DA,28.76,1.1,3.57,有,
中山區,房地(土地+建物),臺北市中山區吉林路４５６巷３７號三樓,25.25,住,,,1110107,土地1建物1車位0,三層,四層,公寓(5樓含以下無電梯),住家用,加強磚造,0570704,75.75,3,2,2,有,無,13500000,178218,,0.0,0,,RPPNMLPJKHHGFCA96DA,75.75,0.0,0.0,無,0388
南港區,房地(土地+建物)+車位,臺北市南港區向陽路１９６巷８號十一樓,31.68,住,,,1110106,土地1建物1車位1,十一層,十二層,住宅大樓(11層含以上有電梯),住家用,鋼筋混凝土造,0980306,162.85,3,2,2,有,有,35000000,236551,坡道機械,22.5,1800000,,RPPOMLSJKHHGFDA47DA,82.96,8.16,6.66,有,0389
信義區,房地(土地+建物),臺北市信義區吳興街２２０巷２５號二樓,27.24,住,,,1110130,土地1建物1車位0,二層,七層,華廈(10層含以下有電梯),住家用,鋼筋混凝土造,0771108,147.9,4,2,2,有,無,30300000,204868,,0.0,0,,RPPPMLOKKHHGFDA27DA,123.39,0.0,14.54,有,
南港區,房地(土地+建物)+車位,臺北市南港區向陽路１６２巷５８號三樓,52.71,住,,,1110119,土地1建物1車位2,三層,十一層,住宅大樓(11層含以上有電梯),住家用,鋼筋混凝土造,0991012,281.0,3,2,2,有,有,48600000,172954,坡道平面,0.0,0,,RPXNMLQKKHHGFDA08DA,126.25,2.46,9.86,有,
大安區,房地(土地+建物)+車位,臺北市大安區臥龍街３１６號九樓之１,33.29,住,,,1110119,土地2建物1車位2,九層,十三層,住宅大樓(11層含以上有電梯),住家用,鋼筋混凝土造,0990513,249.07,1,2,2,有,有,45500000,257847,坡道平面,92.0,5000000,,RPXNMLLKKHHGFFA77DA,92.39,9.75,6.22,有,
萬華區,房地(土地+建物),臺北市萬華區貴陽街二段３３號十七樓,10.88,商,,,1110114,土地1建物1車位0,十七層,十九層,住宅大樓(11層含以上有電梯),辦公用,鋼筋混凝土造,1061127,136.34,3,2,2,有,有,28500000,209036,,0.0,0,,RPPNMLMLKHHGFBA86EA,85.35,7.71,5.11,有,
松山區,房地(土地+建物),臺北市松山區延壽街３３０巷７弄１８號七樓之１,24.53,住,,,1110123,土地1建物1車位0,七層,七層,華廈(10層含以下有電梯),住家用,鋼筋混凝土造,0810309,115.84,3,2,2,有,有,28500000,246029,,0.0,0,,RPVRMLLLJHHGFDA87EA,74.76,0.0,8.0,有,0394
大安區,房地(土地+建物),臺北市大安區建國南路一段４４巷１５號五樓,35.63,住,,,1110101,土地1建物1車位0,五層,五層,公寓(5樓含以下無電梯),住家用,鋼筋混凝土造,0800520,104.17999999999999,5,0,5,有,無,25000000,239969,,0.0,0,,RPSNMLLLKHHGFFA47EA,81.29,2.69,9.35,無,
松山區,房地(土地+建物),臺北市松山區復興北路２１５號十四樓之１,16.85,商,,,1110102,土地1建物1車位0,十四層,十四層,住宅大樓(11層含以上有電梯),住家用,鋼筋混凝土造,0740522,103.83,2,2,2,有,有,26560000,255803,,0.0,0,,RPXOMLLKKHHGFDA77EA,69.4,0.0,12.51,有,
信義區,房地(土地+建物),臺北市信義區忠孝東路五段４６９號五樓之５,5.06,商,,,1110123,土地2建物1車位0,五層,二十一層,住宅大樓(11層含以上有電梯),住家用,鋼骨造,1100119,43.54,1,1,1,有,有,16180000,371612,,0.0,0,,RPSPMLNLKHHGFDA67EA,26.16,0.0,4.52,有,
大同區,房地(土地+建物)+車位,臺北市大同區天水路３３號七樓之１,22.35,商,,,1110116,土地3建物1車位1,七層,十二層,住宅大樓(11層含以上有電梯),住家用,鋼筋混凝土造,1060814,230.7,4,2,2,有,有,38500000,189103,升降平面,39.27,2300000,,RPSOMLNLKHHGFBA37EA,102.58,8.83,17.49,有,
士林區,房地(土地+建物),臺北市士林區中山北路七段１９０巷３２之５號,33.63,住,,,1110126,土地1建物1車位0,二層,三層,公寓(5樓含以下無電梯),住家用,加強磚造,0611108,87.89,3,2,1,有,無,11500000,130845,,0.0,0,,RPOPMLMLKHHGFEA17DA,81.93,0.0,5.96,無,0396
北投區,房地(土地+建物)+車位,臺北市北投區中央南路一段２５巷１號十二樓之３,17.05,商,,,1110113,土地1建物1車位1,十二層,十五層,住宅大樓(11層含以上有電梯),辦公用,鋼筋混凝土造,0980722,205.54000000000002,4,2,2,有,有,34500000,167851,坡道平面,0.0,0,,RPUOMLSJKHHGFEA08DA,109.56,0.51,14.91,有,
北投區,房地(土地+建物)+車位,臺北市北投區光明路２００號八樓之２１,2.86,都市：其他:特定觀光商業專用區。,,,1110122,土地1建物1車位1,八層,十四層,住宅大樓(11層含以上有電梯),辦公用,鋼筋混凝土造,0940322,41.39,1,1,1,有,有,5880000,142063,坡道機械,16.66,0,,RPPOMLKKKHHGFEA86DA,12.95,0.57,1.33,有,0397
南港區,房地(土地+建物)+車位,臺北市南港區經貿二路１５７巷３６弄１０２號四樓,46.1,住,,,1110110,土地1建物1車位1,四層,二十一層,住宅大樓(11層含以上有電梯),住家用,鋼筋混凝土造,1030306,275.21999999999997,5,2,2,有,有,58200000,239948,坡道平面,45.17,3000000,,RPRNMLMLKHHGFDA17DA,144.66,9.56,6.51,有,0401
信義區,房地(土地+建物)+車位,臺北市信義區信安街１０３巷６之７號二樓,47.81,住,,,1110113,土地1建物1車位1,二層,五層,華廈(10層含以下有電梯),住家用,鋼筋混凝土造,1100618,125.37,2,2,2,有,有,27600000,258148,坡道平面,28.72,2650000,,RPRNMLNKJHHGFDA07DA,53.51,4.71,4.15,有,
內湖區,房地(土地+建物),臺北市內湖區民權東路六段１５０之１號十三樓之１５,3.12,商,,,1110111,土地1建物1車位0,十三層,十四層,住宅大樓(11層含以上有電梯),住家用,鋼筋混凝土造,0980106,38.89,0,1,1,有,有,8910000,229108,,0.0,0,,RPWQMLSJKHHGFCA28DA,22.75,0.99,0.0,有,0404
中山區,房地(土地+建物),臺北市中山區林森北路４０９號八樓之２４,7.44,商,,,1110119,土地1建物2車位0,八層,十二層,住宅大樓(11層含以上有電梯),住家用,鋼筋混凝土造,0710531,83.58,0,1,1,有,有,7600000,90931,,0.0,0,,RPSRMLSJKHHGFCA97DA,58.2,0.0,0.0,有,
中山區,房地(土地+建物)+車位,臺北市中山區敬業一路１３７號五樓之１,20.85,商,,,1110119,土地1建物1車位1,五層,九層,華廈(10層含以下有電梯),辦公用,鋼筋混凝土造,1041020,89.55,2,2,1,有,有,24050000,268565,坡道機械,15.53,0,,RPSQMLLLKHHGFCA37DA,41.22,1.49,4.44,有,0405
中山區,房地(土地+建物)+車位,臺北市中山區敬業一路１３５號五樓之１,21.71,商,,,1110119,土地1建物1車位1,五層,九層,華廈(10層含以下有電梯),辦公用,鋼筋混凝土造,1041020,93.06,2,2,1,有,有,24950000,268107,坡道機械,15.53,0,,SPSQMLLLKHHGFCA47DA,43.26,1.49,4.61,有,0406
中山區,房地(土地+建物)+車位,臺北市中山區五常街１１巷９號六樓,24.23,住,,,1110119,土地2建物1車位1,六層,十七層,住宅大樓(11層含以上有電梯),住家用,鋼筋混凝土造,1080918,193.5,3,2,2,有,有,40000000,206718,坡道平面,0.0,0,,RPVRMLLLKHHGFCA77DA,88.5,5.21,10.46,有,
萬華區,房地(土地+建物),臺北市萬華區貴陽街二段３３號五樓之１,3.31,商,,,1110114,土地1建物1車位0,五層,十九層,住宅大樓(11層含以上有電梯),辦公用,鋼筋混凝土造,1061127,37.92,1,0,1,有,有,9250000,243935,,0.0,0,,RPSNMLQKKHHGFBA37DA,22.65,0.0,4.57,有,0409
萬華區,房地(土地+建物)+車位,臺北市萬華區莒光路３３９號十二樓,32.98,住,,,1110113,土地2建物1車位2,十二層,十五層,住宅大樓(11層含以上有電梯),住家用,鋼筋混凝土造,1061227,274.81,4,2,2,有,有,56000000,230100,坡道平面,55.34,5500000,,RPPNMLNLKHHGFBA86DA,127.17,8.73,9.43,有,0410
中山區,房地(土地+建物),臺北市中山區林森北路３０８號五樓,4.28,商,,,1110109,土地1建物1車位0,五層,十五層,住宅大樓(11層含以上有電梯),住家用,鋼骨造,0990409,45.36,1,1,1,有,有,9800000,216049,,0.0,0,,RPRNMLOLKHHGFCA27DA,26.66,0.0,2.57,有,0413
中山區,房地(土地+建物),臺北市中山區錦州街３０巷１１號十樓之１５,2.98,商,,,1110127,土地1建物1車位0,十層,十層,華廈(10層含以下有電梯),住家用,鋼筋混凝土造,0680613,25.89,1,1,1,有,有,3950000,152569,,0.0,0,,RPSPMLOLKHHGFCA57DA,20.3,0.0,0.0,有,
中山區,房地(土地+建物),臺北市中山區南京東路二段１０８號十一樓之３,3.28,商,,,1110119,土地3建物1車位0,十一層,十八層,住宅大樓(11層含以上有電梯),住家用,鋼骨造,0990917,50.11,1,1,1,有,有,15000000,299341,,0.0,0,,RPQNMLSKKHHGFCA47DA,28.88,1.25,3.19,有,0415
內湖區,房地(土地+建物),臺北市內湖區麗山街８０號三樓,27.15,住,,,1110115,土地2建物1車位0,三層,五層,公寓(5樓含以下無電梯),住家用,鋼筋混凝土造,0721004,100.66,3,2,2,有,無,18800000,186767,,0.0,0,,RPOTMLPKKHHGFCA57DA,85.75,0.0,14.91,無,
內湖區,房地(土地+建物)+車位,臺北市內湖區石潭路２７號七樓之１,34.59,都市：其他:辦公服務區(一)(不得作住宅使用)。,,,1110111,土地1建物1車位1,七層,十四層,住宅大樓(11層含以上有電梯),辦公用,鋼筋混凝土造,0980831,161.14,0,1,1,有,有,25880000,181620,坡道平面,32.41,2500000,,RPRPMLRLJHHGFCA67DA,70.03,3.29,9.29,有,
松山區,房地(土地+建物),臺北市松山區健康路３２５巷６弄１９號四樓,37.54,住,,,1110108,土地1建物1車位0,四層,五層,公寓(5樓含以下無電梯),住家用,鋼筋混凝土造,0751020,118.81,5,0,2,有,無,26000000,218837,,0.0,0,,RPPNMLOLKHHGFDA17DA,97.02,4.42,9.64,無,
信義區,房地(土地+建物)+車位,臺北市信義區吳興街６００巷７６弄２２號二樓之１,22.13,住,,,1110110,土地1建物1車位1,二層,六層,華廈(10層含以下有電梯),住家用,鋼筋混凝土造,1050301,120.6,3,1,1,有,有,17880000,148259,升降平面,34.89,0,,RPSPMLKKKHHGFDA17DA,51.14,4.46,3.06,有,0420
大安區,房地(土地+建物)+車位,臺北市大安區潮州街６５號十二樓,85.87,住,,,1110114,土地1建物1車位4,十二層,十六層,住宅大樓(11層含以上有電梯),住家用,鋼骨鋼筋混凝土造,1031006,695.04,3,2,5,有,有,148700000,272261,坡道平面,199.56,13800000,,RPQNMLNLKHHGFFA37DA,251.33,15.53,45.16,有,
士林區,房地(土地+建物),臺北市士林區光華路２６巷５號七樓之３、七樓之４,18.4,住,,,1110114,土地2建物1車位0,七層,七層,華廈(10層含以下有電梯),住家用,鋼筋混凝土造,0670714,88.45,5,0,2,有,無,9500000,107405,,0.0,0,,RPPOMLNLKHHGFEA27DA,58.8,0.0,17.34,有,
士林區,房地(土地+建物),臺北市士林區承德路四段３３巷１０號四樓,36.37,住,,,1110115,土地1建物1車位0,四層,五層,公寓(5樓含以下無電梯),住家用,鋼筋混凝土造,0731204,128.95000000000002,4,2,2,有,無,17600000,136487,,0.0,0,,RPSNMLOLKHHGFEA57DA,111.41,0.0,13.27,無,
中正區,房地(土地+建物),臺北市中正區臨沂街６１巷５之５號五樓,37.2,住,,,1110118,土地2建物1車位0,五層,五層,公寓(5樓含以下無電梯),住家用,鋼筋混凝土造,0580416,99.17,3,2,1,有,無,21500000,216799,,0.0,0,,RPROMLOLKHHGFBA37EA,93.07,6.1,0.0,無,
大同區,房地(土地+建物),臺北市大同區環河北路二段２１９號,28.5,住,,,1110125,土地1建物1車位0,一層，騎樓,四層,公寓(5樓含以下無電梯),住家用,鋼筋混凝土造,0660608,100.59,1,0,1,有,無,24000000,238592,,0.0,0,,RPSOMLOLKHHGFBA47EA,93.58,7.01,0.0,無,
中正區,房地(土地+建物),臺北市中正區忠孝西路一段５０號二十二樓之４,13.65,商,,,1110107,土地1建物3車位0,二十二層,二十七層,住宅大樓(11層含以上有電梯),住家用,鋼骨混凝土造,0790815,258.65000000000003,1,1,1,有,有,60990000,235801,,0.0,0,,RPWOMLOLKHHGFBA87EA,163.97,0.0,19.14,有,
信義區,房地(土地+建物)+車位,臺北市信義區信義路五段９５號二十三樓,44.59,都市：其他:特定業務區(信義計畫特定專用區)。,,,1110121,土地1建物2車位2,二十三層,二十七層,住宅大樓(11層含以上有電梯),住家用,鋼骨鋼筋混凝土造,0961228,292.95,4,2,3,有,有,128050000,493088,坡道機械,43.4,5000000,,RPQRMLLKKHHGFDA37EA,155.79,6.52,16.75,有,
松山區,房地(土地+建物),臺北市松山區復興北路１號十三樓之１,13.25,商,,,1110115,土地1建物1車位0,十三層,十六層,住宅大樓(11層含以上有電梯),辦公用,鋼筋混凝土造,0710707,169.28,3,1,0,有,有,38750000,228911,,0.0,0,,RPWOMLNLKHHGFDA97EA,136.69,0.0,0.0,有,
大安區,房地(土地+建物)+車位,臺北市大安區敦化南路一段１６１巷７０號四樓,27.59,住,,,1110117,土地1建物1車位1,四層,十四層,住宅大樓(11層含以上有電梯),住家用,鋼筋混凝土造,1090817,225.09,3,2,2,有,有,75000000,333200,坡道平面,0.0,3200000,,RPRNMLOLKHHGFFA67EA,102.46,11.92,9.63,有,
大安區,房地(土地+建物),臺北市大安區建國南路一段２９１巷１３號,13.12,都市：其他:第三種住宅區。,,,1110109,土地2建物1車位0,一層,十四層,住宅大樓(11層含以上有電梯),住家用,鋼筋混凝土造,0760216,88.19,3,2,2,有,有,23620000,267831,,0.0,0,,RPXOMLRJJHHGFFA38EA,77.1,11.09,0.0,有,
北投區,房地(土地+建物),臺北市北投區富貴一路５巷６號五樓,40.55,住,,,1110111,土地1建物1車位0,五層,五層,公寓(5樓含以下無電梯),住家用,鋼筋混凝土造,0691218,133.37,4,2,2,有,無,18300000,137212,,0.0,0,,RPTSMLPLKHHGFEA38EA,119.1,0.0,14.27,無,
北投區,房地(土地+建物),臺北市北投區雙全街６２巷１４號四樓,32.32,商,,,1110115,土地5建物1車位0,四層,五層,公寓(5樓含以下無電梯),住家用,鋼筋混凝土造,0691127,109.25,3,2,2,有,無,10000000,91533,,0.0,0,,RPWNMLPLKHHGFEA18EA,100.27,0.0,8.98,無,
北投區,房地(土地+建物)+車位,臺北市北投區溫泉路６８巷６弄８號八樓,22.77,住,,,1110105,土地1建物1車位1,八層,十一層,住宅大樓(11層含以上有電梯),住家用,鋼筋混凝土造,1051109,145.7,2,2,2,有,有,23400000,191089,坡道平面,36.85,2600000,,RPXNMLPLKHHGFEA28EA,58.73,5.75,6.69,有,
大安區,房地(土地+建物)+車位,臺北市大安區瑞安街１４２巷２０號,16.26,住,,,1110128,土地1建物1車位1,一層,六層,華廈(10層含以下有電梯),住家用,鋼筋混凝土造,0840511,91.34,1,1,1,有,有,20000000,218962,升降平面,0.0,0,,RPPNMLMJLHHGFFA17EA,33.94,0.46,3.67,有,0423
南港區,房地(土地+建物)+車位,臺北市南港區東新街１１８巷７７號九樓,21.02,住,,,1110120,土地3建物1車位1,九層,十一層,住宅大樓(11層含以上有電梯),住家用,鋼筋混凝土造,1010314,130.09,3,2,2,有,有,31800000,293909,坡道平面,31.42,2800000,,RPRRMLLKKHHGFDA47EA,64.81,0.0,11.16,有,0424
信義區,房地(土地+建物),臺北市信義區福德街２３２巷１６弄１號三樓,30.25,住,,,1110111,土地1建物1車位0,三層，陽台,四層,公寓(5樓含以下無電梯),住家用,鋼筋混凝土造,0610412,85.92,3,2,1,有,無,16280000,189479,,0.0,0,,RPSSMLLKKHHGFDA67EA,85.92,0.0,0.0,無,
北投區,房地(土地+建物)+車位,臺北市北投區明德路２９６號七樓,13.89,住,,,1110122,土地1建物1車位1,七層,九層,華廈(10層含以下有電梯),住家用,鋼筋混凝土造,1041204,78.36,1,2,1,有,有,17000000,269313,升降機械,21.92,1800000,,RPVOMLPKKHHGFEA97DA,30.54,1.11,3.25,有,0428
信義區,房地(土地+建物),臺北市信義區基隆路一段１７２巷３號二樓,14.37,住,,,1110122,土地1建物1車位0,二層,十三層,住宅大樓(11層含以上有電梯),住家用,鋼筋混凝土造,0781024,95.60000000000001,1,1,1,有,有,29000000,303347,,0.0,0,,RPUNMLOKKHHGFDA57DA,61.09,0.88,13.51,有,
信義區,房地(土地+建物),臺北市信義區忠孝東路四段５５３巷２２弄４１號四樓,25.8,住,,,1110113,土地1建物1車位0,四層,五層,公寓(5樓含以下無電梯),住家用,鋼筋混凝土造,0660919,92.5,2,2,1,有,無,24200000,261622,,0.0,0,,RPOOMLPLKHHGFDA27DA,82.01,0.0,10.49,無,
信義區,房地(土地+建物)+車位,臺北市信義區松高路８６之１號十二樓,80.13,住,,,1110125,土地1建物1車位4,十二層,十四層,住宅大樓(11層含以上有電梯),住家用,鋼骨鋼筋混凝土造,0861126,385.42,4,2,2,有,有,120000000,441764,坡道平面,150.0,16000000,,RPSOMLOLKHHGFDA57DA,154.73,5.26,17.87,有,
內湖區,房地(土地+建物),臺北市內湖區康寧路三段５４之７號四樓之１,8.8,住,,,1110115,土地1建物1車位0,四層，電梯樓梯間,十三層,住宅大樓(11層含以上有電梯),住家用,鋼筋混凝土造,0850904,38.4,1,1,1,有,有,9200000,239583,,0.0,0,,RPUOMLOLKHHGFCA67DA,29.55,1.11,2.19,有,0434
中山區,房地(土地+建物),臺北市中山區新生北路二段６６號九樓之３,1.8,商,,,1110124,土地1建物1車位0,九層,十二層,住宅大樓(11層含以上有電梯),住商用,鋼筋混凝土造,0690721,20.200000000000003,1,0,1,有,有,3650000,180693,,0.0,0,,RPWNMLPLKHHGFCA87DA,15.55,0.0,0.0,有,0435
文山區,房地(土地+建物),臺北市文山區育英街７９號七樓之２,16.21,住,,,1110115,土地1建物1車位0,七層,七層,華廈(10層含以下有電梯),住家用,鋼筋混凝土造,1091225,68.92,1,1,1,有,有,16720000,242600,,0.0,0,,RPPOMLNLKHHGFAA86DA,38.6,2.57,5.92,有,
萬華區,房地(土地+建物),臺北市萬華區萬大路１４７號四樓,10.11,商,,,1110103,土地2建物1車位0,四層,五層,公寓(5樓含以下無電梯),住家用,鋼筋混凝土造,0640508,31.37,1,0,1,有,無,5250000,167357,,0.0,0,,RPUNMLRJJHHGFBA47DA,31.37,0.0,0.0,無,
文山區,房地(土地+建物)+車位,臺北市文山區新光路一段６５巷３８號五樓,49.65,住,,,1110122,土地1建物1車位1,五層,十一層,住宅大樓(11層含以上有電梯),住家用,鋼筋混凝土造,0821020,217.98,4,2,2,有,有,28180000,129278,坡道平面,0.0,0,,RPVNMLMLKHHGFAA27DA,121.14,0.0,12.71,有,
文山區,房地(土地+建物)+車位,臺北市文山區辛亥路四段２５２巷８號五樓,33.12,住,,,1110118,土地1建物1車位1,五層,十四層,住宅大樓(11層含以上有電梯),住家用,鋼筋混凝土造,0910507,170.29,4,2,2,有,有,29720000,174516,坡道平面,0.0,2500000,,RPWNMLPKKHHGFAA57DA,110.81,3.51,7.99,有,
文山區,房地(土地+建物),臺北市文山區下崙路１１巷１７號三樓,32.31,住,,,1110115,土地1建物1車位0,三層,七層,華廈(10層含以下有電梯),住家用,鋼筋混凝土造,1060104,133.65,3,2,2,有,有,20200000,151141,,0.0,0,,RPQOMLKKKHHGFAA56DA,72.73,5.63,7.22,有,0440
萬華區,房地(土地+建物),臺北市萬華區康定路１０５號十八樓之１５,3.46,商,,,1110109,土地1建物1車位0,十八層,二十六層,住宅大樓(11層含以上有電梯),住家用,鋼骨造,1050331,51.230000000000004,1,1,1,有,有,10300000,201054,,0.0,0,,RPVOMLNLKHHGFBA57DA,30.02,0.61,3.21,有,0442
內湖區,房地(土地+建物),臺北市內湖區民權東路六段１８０巷４２弄１１號九樓,9.26,商,,,1110128,土地1建物1車位0,九層,十五層,住宅大樓(11層含以上有電梯),住家用,鋼筋混凝土造,1070718,99.64000000000001,2,2,1,有,有,26800000,268968,,0.0,0,,RPXRMLLLKHHGFCA97DA,58.69,3.25,4.21,有,0445
中山區,房地(土地+建物)+車位,臺北市中山區中山北路一段１２１巷３３號十樓,12.27,商,,,1110116,土地1建物1車位1,十層,十四層,住宅大樓(11層含以上有電梯),住家用,鋼筋混凝土造,1000128,164.14999999999998,2,2,1,有,有,31500000,247461,升降平面,46.96,2500000,,RPOOMLLLKHHGFCA76DA,63.51,6.65,8.0,有,
內湖區,房地(土地+建物)+車位,臺北市內湖區東湖路４３巷２６弄９號五樓之２,9.74,住,,,1110107,土地2建物1車位1,五層,八層,華廈(10層含以下有電梯),住家用,鋼筋混凝土造,0950223,61.33,1,1,1,有,有,12600000,205479,升降機械,0.0,0,,RPTNMLLKKHHGFCA07DA,33.27,0.96,3.46,有,0447
內湖區,房地(土地+建物)+車位,臺北市內湖區江南街９６巷１１號五樓,38.68,住,,,1110111,土地1建物1車位1,五層，夾層,五層,華廈(10層含以下有電梯),住家用,鋼筋混凝土造,1051116,172.04000000000002,3,2,3,有,有,37500000,230769,塔式車位,16.04,1500000,,RPVQMLKKKHHGFCA47DA,91.97,19.73,9.67,有,0450
大安區,房地(土地+建物),臺北市大安區光復南路６８８號六樓之３,6.27,商,,,1110119,土地3建物1車位0,六層,十四層,住宅大樓(11層含以上有電梯),住家用,鋼筋混凝土造,1060515,74.86,2,2,1,有,有,25500000,340636,,0.0,0,,RPQRMLNLKHHGFFA77DA,44.17,3.65,3.09,有,0458
北投區,房地(土地+建物)+車位,臺北市北投區石牌路一段１６６巷３１弄８之１號,26.11,住,,,1110128,土地1建物1車位1,一層,六層,華廈(10層含以下有電梯),住家用,鋼筋混凝土造,0980814,106.81,2,2,2,有,有,27000000,252785,升降機械,0.0,0,,RPTOMLTJKHHGFEA08DA,39.06,0.0,17.82,有,
士林區,房地(土地+建物),臺北市士林區中山北路六段４５０巷１２號三樓之４,11.24,住,,,1110107,土地1建物1車位0,三層,五層,公寓(5樓含以下無電梯),住家用,鋼筋混凝土造,0811023,46.63,1,1,1,有,有,9050000,194081,,0.0,0,,RPPNMLSLKHHGFEA67DA,30.43,0.0,3.53,無,0459
士林區,房地(土地+建物)+車位,臺北市士林區克強路１５巷３號六樓,52.57,住,,,1110120,土地1建物1車位2,六層,十四層,住宅大樓(11層含以上有電梯),住家用,鋼骨鋼筋混凝土造,0920116,267.24,4,2,3,有,有,66600000,249214,坡道平面,0.0,0,,RPPOMLLJLHHGFEA96DA,134.17,0.0,13.21,有,
中正區,房地(土地+建物),臺北市中正區信義路二段２６１號八樓之５,4.8,商,,,1110115,土地12建物1車位0,八層,十四層,住宅大樓(11層含以上有電梯),住家用,鋼骨鋼筋混凝土造,1070702,45.739999999999995,1,1,1,有,有,21430000,468518,,0.0,0,,RPWNMLPLKHHGFBA87EA,26.35,2.53,0.0,有,0461
中正區,房地(土地+建物),臺北市中正區忠孝西路一段５０號二十二樓之８,2.58,商,,,1110106,土地1建物1車位0,二十二層,二十七層,住宅大樓(11層含以上有電梯),住家用,鋼骨混凝土造,0790815,47.98,1,1,1,有,有,11170000,232805,,0.0,0,,RPUOMLOLKHHGFBA67EA,30.48,0.0,3.5,有,
大同區,房地(土地+建物),臺北市大同區民生西路１９９號三樓,5.53,商,,,1110122,土地1建物1車位0,三層,十三層,住宅大樓(11層含以上有電梯),住家用,鋼筋混凝土造,0990401,64.85,2,1,1,有,有,13750000,212028,,0.0,0,,RPPPMLLJLHHGFBA86EA,33.05,1.2,1.76,有,0462
中山區,房地(土地+建物),臺北市中山區民生東路一段７２號十樓之２,2.81,商,,,1110123,土地1建物1車位0,十層,十二層,住宅大樓(11層含以上有電梯),住家用,鋼筋混凝土造,0700423,28.340000000000003,1,0,1,有,有,4550000,160550,,0.0,0,,RPVPMLLKJHHGFCA47EA,19.21,0.0,0.0,有,0463
內湖區,房地(土地+建物)+車位,臺北市內湖區成功路四段１８８號十四樓之２１,18.46,,,,1110119,土地1建物1車位1,十四層,十五層,住宅大樓(11層含以上有電梯),辦公用,鋼筋混凝土造,1050616,147.77,0,0,0,無,有,29020000,196386,坡道平面,52.5,0,,RPSPMLLJLHHGFCA27EA,57.57,0.0,5.55,有,0464
內湖區,房地(土地+建物)+車位,臺北市內湖區成功路四段１９２號十樓之２,16.74,,,,1110106,土地1建物1車位1,十層,十五層,住宅大樓(11層含以上有電梯),辦公用,鋼筋混凝土造,1050616,138.82,1,1,1,有,有,24630000,177424,坡道平面,52.5,0,,RPSPMLMJLHHGFCA37EA,49.81,0.0,7.14,有,0465
信義區,房地(土地+建物),臺北市信義區忠孝東路五段７０３巷１弄２０號三樓,29.13,住,,,1110110,土地2建物1車位0,三層，陽台,四層,公寓(5樓含以下無電梯),住家用,鋼筋混凝土造,0631017,95.95,3,2,2,有,無,17760000,185096,,0.0,0,,RPVNMLMJLHHGFDA57EA,95.95,0.0,0.0,無,
信義區,房地(土地+建物),臺北市信義區吳興街１４６號三樓,25.25,住,,,1110114,土地1建物1車位0,三層，陽台,四層,公寓(5樓含以下無電梯),住家用,鋼筋混凝土造,0640620,66.6,2,2,1,有,無,15250000,228979,,0.0,0,,RPSQMLLKKHHGFDA47EA,66.6,0.0,0.0,無,
士林區,房地(土地+建物),臺北市士林區磺溪街５５巷１１之１號四樓,45.7,住,,,1110113,土地1建物1車位0,四層,四層,公寓(5樓含以下無電梯),住家用,鋼筋混凝土造,0740528,119.73,3,2,2,有,無,17800000,148668,,0.0,0,,RPOQMLPLKHHGFEA67EA,104.04,0.0,15.69,無,
大安區,房地(土地+建物),臺北市大安區富陽街１５１巷５號四樓,20.99,住,,,1110115,土地1建物1車位0,四層,五層,公寓(5樓含以下無電梯),住家用,鋼筋混凝土造,0720125,79.25,3,2,1,有,無,14000000,176656,,0.0,0,,RPSPMLRJJHHGFFA97EA,71.2,0.0,8.05,無,
大安區,房地(土地+建物)+車位,臺北市大安區建國南路二段６９巷３６號三樓,62.65,住,,,1110105,土地1建物1車位4,三層,九層,華廈(10層含以下有電梯),住家用,鋼筋混凝土造,0970509,422.07,5,2,3,有,有,140000000,420524,坡道平面,127.2,16000000,,RPPPMLRJJHHGFFA67EA,175.87,13.06,18.57,有,
信義區,房地(土地+建物)+車位,臺北市信義區忠孝東路五段４６９號十樓之８,4.7,商,,,1110118,土地2建物1車位1,十層,二十一層,住宅大樓(11層含以上有電梯),住家用,鋼骨造,1100119,70.94999999999999,1,1,1,有,有,17200000,364945,坡道平面,32.04,3000000,,RPPOMLNJLHHGFDA17EA,24.84,2.38,0.0,有,
中山區,房地(土地+建物),臺北市中山區德惠街４５號五樓之１０,3.0,商,,,1110128,土地1建物1車位0,五層,九層,華廈(10層含以下有電梯),住家用,鋼筋混凝土造,0681215,27.42,0,0,0,無,有,4000000,145879,,0.0,0,,RPTNMLNJLHHGFCA37EA,19.51,0.0,2.91,有,
萬華區,房地(土地+建物),臺北市萬華區峨眉街１００號七樓之１８,3.74,商,,,1110106,土地1建物1車位0,七層,十一層,住宅大樓(11層含以上有電梯),辦公用,鋼筋混凝土造,0950126,39.43,1,1,1,有,有,10500000,266295,,0.0,0,,RPPOMLMJLHHGFBA86EA,23.94,0.0,2.44,有,0470
北投區,房地(土地+建物)+車位,臺北市北投區石牌路二段３１５巷２８弄１８號十三樓,53.23,住,,,1110124,土地1建物1車位1,十三層,十五層,住宅大樓(11層含以上有電梯),住家用,鋼筋混凝土造,1050520,247.59,3,2,2,有,有,46520000,187891,坡道平面,0.0,2500000,,RPUOMLMJLHHGFEA57DA,117.81,11.93,15.25,有,
中正區,房地(土地+建物),臺北市中正區和平西路一段５９號十二樓之１８,5.32,商,,,1110110,土地2建物1車位0,十二層,十四層,住宅大樓(11層含以上有電梯),住家用,鋼骨造,0970513,48.34,1,1,1,有,有,16500000,341332,,0.0,0,,RPOOMLMJLHHGFAA66EA,27.01,0.0,4.19,有,
大安區,房地(土地+建物),臺北市大安區安居街１０８巷９號,30.75,住,,,1110127,土地1建物1車位0,一層，平台,四層,公寓(5樓含以下無電梯),,鋼筋混凝土造,,91.13,3,2,2,有,無,22380000,245583,,0.0,0,,RPTNMLSLJHHGFFA08DA,75.77,15.36,0.0,無,
南港區,房地(土地+建物),臺北市南港區南深路３１號八樓之２,41.13,住,,,1110120,土地2建物1車位0,八層,十二層,住宅大樓(11層含以上有電梯),住家用,鋼筋混凝土造,0880920,93.33000000000001,2,2,2,有,有,13150000,140898,,0.0,0,,RPXNMLPLKHHGFDA08DA,69.47,0.0,5.54,有,
松山區,房地(土地+建物),臺北市松山區敦化南路一段５７號五樓之７,18.23,住,,,1110106,土地4建物1車位0,五層,十二層,住宅大樓(11層含以上有電梯),住家用,鋼筋混凝土造,,139.4,2,2,2,有,有,39000000,279770,,0.0,0,,RPPNMLMJLHHGFDA86DA,112.31,0.0,5.85,有,
南港區,房地(土地+建物)+車位,臺北市南港區成福路７４巷８號三樓之６,32.8,住,,,1110115,土地1建物1車位1,三層,七層,華廈(10層含以下有電梯),住家用,鋼筋混凝土造,1060710,168.2,3,2,2,有,無,37280000,284413,坡道平面,45.21,2300000,,RPXNMLTKJHHGFDA28DA,62.24,4.21,10.38,有,
南港區,房地(土地+建物),臺北市南港區研究院路二段１２巷５７弄８２號五樓,29.89,住,,,1110122,土地1建物1車位0,五層,五層,公寓(5樓含以下無電梯),住家用,鋼筋混凝土造,0740802,104.67,3,2,2,有,無,14000000,133754,,0.0,0,,RPXNMLRJKHHGFDA08DA,88.07,0.0,6.98,無,
中山區,房地(土地+建物),臺北市中山區新生北路三段４３號九樓之２,6.57,住,,,1110124,土地2建物1車位0,九層,十一層,住宅大樓(11層含以上有電梯),住家用,鋼筋混凝土造,0670301,51.730000000000004,1,1,1,有,有,9680000,187125,,0.0,0,,RPRPMLSKKHHGFCA77DA,35.62,0.0,3.09,有,
中山區,房地(土地+建物),臺北市中山區吉林路９８巷２４號,21.69,商,,,1110128,土地4建物1車位0,二層,五層,公寓(5樓含以下無電梯),住家用,鋼筋混凝土造,0570417,88.52,3,1,2,有,無,15500000,175102,,0.0,0,,RPQOMLLJLHHGFCA86DA,88.52,0.0,0.0,無,
中山區,房地(土地+建物)+車位,臺北市中山區北安路６３０巷２５弄１８號八樓之１,28.22,住,,,1110120,土地1建物1車位1,八層,九層,華廈(10層含以下有電梯),住家用,鋼筋混凝土造,0861008,175.42000000000002,3,2,2,有,有,39680000,290901,坡道平面,47.61,2500000,,RPTQMLLJLHHGFCA37DA,89.55,2.07,10.31,有,0479
內湖區,房地(土地+建物)+車位,臺北市內湖區內湖路二段１０３巷３４之６號,38.15,住,,,1110110,土地1建物1車位2,一層,五層,華廈(10層含以下有電梯),住家用,鋼筋混凝土造,1041126,219.49,3,2,2,有,有,55880000,302911,坡道機械,51.52,5000000,,RPXQMLLJLHHGFCA77DA,112.41,0.0,1.45,有,0480
中山區,房地(土地+建物)+車位,臺北市中山區北安路６３０巷２５弄１５號二樓,26.82,住,,,1110115,土地1建物1車位1,二層,九層,華廈(10層含以下有電梯),住家用,鋼筋混凝土造,0821227,167.32999999999998,5,2,2,有,有,41500000,279750,坡道平面,27.92,2500000,,RPVPMLPLKHHGFCA97DA,141.74,1.29,13.11,有,
文山區,房地(土地+建物),臺北市文山區景興路３００號九樓之１,5.72,商,,,1110115,土地3建物1車位0,九層,二十七層,住宅大樓(11層含以上有電梯),住家用,鋼骨鋼筋混凝土造,1090110,66.22,2,2,1,有,有,13500000,203866,,0.0,0,,RPTNMLLJLHHGFAA86DA,35.68,2.54,4.38,有,
文山區,房地(土地+建物)+車位,臺北市文山區興隆路二段２０３巷５８號十二樓,34.21,住,,,1110121,土地1建物1車位1,十二層,十二層,住宅大樓(11層含以上有電梯),住家用,鋼筋混凝土造,0880329,137.91,3,2,2,有,有,21680000,191374,坡道平面,36.12,2200000,,RPUNMLLKKHHGFAA96DA,73.44,0.0,11.03,有,0484
中正區,房地(土地+建物)+車位,臺北市中正區汀州路三段６３號三樓,16.08,住,,,1110111,土地2建物1車位1,三層,十二層,住宅大樓(11層含以上有電梯),住家用,鋼筋混凝土造,1071122,143.74,0,0,0,無,有,32000000,276440,坡道平面,39.92,3300000,,RPPNMLMJLHHGFAA56DA,56.73,6.61,5.6,有,
文山區,房地(土地+建物),臺北市文山區羅斯福路六段１４２巷２０弄１０號六樓之１,18.07,都市：其他:第三種住宅區。,,,1110108,土地3建物1車位0,六層,十四層,住宅大樓(11層含以上有電梯),住家用,鋼筋混凝土造,0830902,70.02,2,2,1,有,有,16100000,229934,,0.0,0,,RPUNMLMJLHHGFAA07DA,47.17,0.86,6.97,有,
萬華區,房地(土地+建物)+車位,臺北市萬華區中華路二段４１６巷８２號二樓之３,36.34,住,,,1110108,土地1建物1車位1,二層,十四層,住宅大樓(11層含以上有電梯),住家用,鋼筋混凝土造,1010625,181.68,3,2,2,有,有,32500000,178886,坡道平面,0.0,0,,RPQOMLLJLHHGFBA76DA,100.87,0.0,10.16,有,0488
萬華區,房地(土地+建物),臺北市萬華區武昌街二段１２４之２號五樓之５,5.85,商,,,1110125,土地1建物1車位0,五層,九層,華廈(10層含以下有電梯),住家用,鋼筋混凝土造,0630806,39.67,1,1,1,有,有,7250000,182758,,0.0,0,,RPTNMLPKKHHGFBA37DA,30.26,0.0,0.0,有,
萬華區,房地(土地+建物)+車位,臺北市萬華區西藏路１１９號十一樓,40.54,住,,,1110119,土地2建物1車位1,十一層,十五層,住宅大樓(11層含以上有電梯),住家用,鋼筋混凝土造,1000908,190.14,3,2,2,有,有,36100000,189860,坡道平面,0.0,0,,RPXNMLQKKHHGFBA87DA,102.71,0.0,12.96,有,
內湖區,房地(土地+建物)+車位,臺北市內湖區內湖路二段１０３巷１６號二十三樓,100.79,住,,,1110107,土地1建物1車位4,二十三層,二十六層,住宅大樓(11層含以上有電梯),住家用,鋼骨造,1070619,679.9200000000001,0,0,0,無,有,235530000,428382,坡道平面,159.52,12600000,,RPPSMLMJLHHGFCA27DA,279.42,2.0,42.12,有,
內湖區,房地(土地+建物),臺北市內湖區大湖山莊街２１９巷３４弄３號三樓之１,11.76,住,,,1110118,土地1建物1車位0,三層,六層,華廈(10層含以下有電梯),住家用,鋼筋混凝土造,0810717,40.14,1,0,1,有,有,7200000,179372,,0.0,0,,RPROMLQLKHHGFCA57DA,26.88,0.0,2.38,有,
中山區,房地(土地+建物)+車位,臺北市中山區雙城街２５巷９號五樓,21.57,商,,,1110130,土地1建物1車位1,五層,十三層,住宅大樓(11層含以上有電梯),住家用,鋼筋混凝土造,1041221,240.32,3,2,2,有,有,59750000,248627,坡道平面,41.72,0,,RPQQMLNLKHHGFCA37DA,120.69,6.82,11.62,有,0492
內湖區,房地(土地+建物)+車位,臺北市內湖區康寧路三段１８９巷２１弄２３號八樓之５,17.17,商,,,1110122,土地1建物1車位1,八層,十四層,住宅大樓(11層含以上有電梯),住家用,鋼筋混凝土造,1020506,166.76999999999998,3,2,2,有,有,30500000,222047,坡道平面,39.76,2300000,,RPWQMLMJLHHGFCA77DA,75.31,7.16,3.75,有,0493
內湖區,房地(土地+建物)+車位,臺北市內湖區成功路五段４２０巷１７之５號八樓,35.02,住,,,1110116,土地1建物1車位1,八層,十一層,住宅大樓(11層含以上有電梯),住家用,鋼筋混凝土造,0860515,158.47,3,2,2,有,有,34000000,256056,坡道平面,35.45,2500000,,RPVOMLMLKHHGFCA57DA,85.49,0.8,10.12,有,
內湖區,房地(土地+建物),臺北市內湖區康樂街６１巷１７號五樓,19.11,住,,,1110123,土地2建物1車位0,五層,五層,華廈(10層含以下有電梯),住家用,鋼筋混凝土造,0830621,91.0,2,2,1,有,無,14800000,162637,,0.0,0,,RPRQMLSKKHHGFCA87DA,57.21,20.74,5.62,有,0494
中山區,房地(土地+建物),臺北市中山區林森北路１１９巷８８號七樓之１,4.61,商,,,1110111,土地1建物1車位0,七層,十二層,住宅大樓(11層含以上有電梯),住家用,鋼筋混凝土造,0771216,36.7,0,1,1,有,有,6880000,187466,,0.0,0,,RPPNMLQKKHHGFCA17DA,25.58,0.53,2.59,有,
大安區,房地(土地+建物),臺北市大安區仁愛路四段３４５巷４弄３０號二樓,20.14,住,,,1110111,土地1建物1車位0,二層,七層,華廈(10層含以下有電梯),住家用,鋼筋混凝土造,,112.89,3,2,2,有,無,32680000,289485,,0.0,0,,RPSNMLMJLHHGFFA37DA,82.95,0.0,15.82,有,
北投區,房地(土地+建物),臺北市北投區文化三路６３號四樓,31.71,住,,,1110117,土地1建物1車位0,四層,七層,華廈(10層含以下有電梯),住家用,鋼筋混凝土造,0741127,118.04,3,2,2,有,有,13800000,116910,,0.0,0,,RPUNMLKKKHHGFEA27DA,73.97,0.0,15.68,有,
士林區,房地(土地+建物)+車位,臺北市士林區芝玉路二段８５巷６號二樓,38.71,住,,,1110120,土地1建物1車位1,二層,六層,華廈(10層含以下有電梯),住家用,鋼筋混凝土造,0810318,174.64000000000001,3,2,2,有,無,27000000,154604,升降平面,28.84,0,,RPSPMLNJLHHGFEA67EA,144.49,1.14,13.45,有,
北投區,房地(土地+建物)+車位,臺北市北投區新民路７６之３號二樓,17.8,都市：其他:特定休閒旅館住宅專用區。,,,1110116,土地1建物1車位1,二層,五層,華廈(10層含以下有電梯),住家用,鋼筋混凝土造,1020531,73.57,1,1,1,有,無,9980000,135653,塔式車位,0.0,0,,RPVPMLNJLHHGFEA97EA,36.95,2.65,5.3,有,0501
士林區,房地(土地+建物),臺北市士林區社中街１５６巷１０弄９號,24.84,住,,,1110116,土地1建物1車位0,一層,五層,公寓(5樓含以下無電梯),住家用,鋼筋混凝土造,0700126,84.9,2,1,1,有,無,13080000,154064,,0.0,0,,RPRNMLOJLHHGFEA47EA,72.82,12.08,0.0,無,
信義區,房地(土地+建物),臺北市信義區松德路３０７巷１４號,27.56,住,,,1110129,土地1建物1車位0,一層,五層,公寓(5樓含以下無電梯),住家用,鋼筋混凝土造,0670816,175.99,5,2,3,有,無,24000000,136371,,0.0,0,,RPXNMLRJLHHGFDA28EA,84.85,91.14,0.0,無,
大安區,房地(土地+建物),臺北市大安區敦化南路二段６３巷５３弄１２號五樓,24.17,住,,,1110104,土地1建物1車位0,五層,七層,華廈(10層含以下有電梯),住家用,鋼筋混凝土造,0740410,121.33,4,2,2,有,有,39000000,321437,,0.0,0,,RPTOMLNJLHHGFFA67DA,95.61,0.0,5.99,有,0507
中正區,房地(土地+建物),臺北市中正區師大路１７０號七樓之４,3.0,住,,,1110123,土地2建物1車位0,七層,十二層,住宅大樓(11層含以上有電梯),住家用,鋼筋混凝土造,0670117,30.61,1,0,1,有,有,7120000,232604,,0.0,0,,RPQOMLMKJHHGFAA76EA,23.73,0.0,2.64,有,
大安區,房地(土地+建物)+車位,臺北市大安區臥龍街３１６號八樓之１,33.05,住,,,1110120,土地2建物1車位1,八層,十三層,住宅大樓(11層含以上有電梯),住家用,鋼筋混凝土造,0990513,202.25,2,2,2,有,有,42500000,256016,坡道平面,46.0,2500000,,RPRNMLLKKHHGFFA17DA,92.35,9.75,6.22,有,
大安區,房地(土地+建物),臺北市大安區溫州街６４號六樓之５,12.38,住,,,1110120,土地1建物1車位0,六層,七層,華廈(10層含以下有電梯),住家用,鋼筋混凝土造,,42.3,1,1,1,有,有,11600000,274232,,0.0,0,,RPSOMLSJKHHGFFA97DA,37.2,0.0,5.1,有,
內湖區,房地(土地+建物)+車位,臺北市內湖區康樂街１３６巷１８弄３５號十四樓,17.52,住,,,1110102,土地1建物1車位1,十四層,十四層,住宅大樓(11層含以上有電梯),住家用,鋼筋混凝土造,1020625,125.15,3,2,2,有,有,25600000,204555,坡道機械,16.6,0,,RPWOMLOLKHHGFCA87DA,73.9,0.0,8.23,有,0510
中山區,房地(土地+建物)+車位,臺北市中山區北安路６０８巷５弄１８號,70.48,住,,,1110106,土地1建物1車位1,一層,八層,華廈(10層含以下有電梯),住家用,鋼筋混凝土造,0821215,208.04,4,2,2,有,有,52980000,254663,坡道平面,0.0,2500000,,RPXRMLLJLHHGFCA87DA,141.72,9.69,0.0,有,0511
中山區,房地(土地+建物),臺北市中山區中山北路二段５９巷４５號十三樓之１１,5.01,商,,,1110127,土地1建物1車位0,十三層,十六層,住宅大樓(11層含以上有電梯),住家用,鋼筋混凝土造,0880928,44.2,1,1,1,有,有,10800000,244344,,0.0,0,,RPSPMLNJLHHGFCA37DA,29.76,0.0,4.94,有,
大同區,房地(土地+建物),臺北市大同區重慶北路三段２０３之３號六樓之１,6.21,住,,,1110126,土地2建物1車位0,六層,十二層,住宅大樓(11層含以上有電梯),住家用,鋼筋混凝土造,1090728,50.39,0,0,0,無,有,12800000,254019,,0.0,0,,RPTPMLKKKHHGFBA07DA,25.03,1.85,3.68,有,
大同區,房地(土地+建物)+車位,臺北市大同區重慶北路三段１３７巷２９號三樓,28.24,住,,,1110124,土地1建物1車位1,三層,六層,華廈(10層含以下有電梯),住家用,鋼筋混凝土造,0821201,160.55,2,2,2,有,無,25000000,155715,升降機械,0.0,0,,RPTNMLOJLHHGFBA27DA,110.08,2.24,11.28,有,
萬華區,房地(土地+建物),臺北市萬華區青年路６２號四樓之１,23.6,住,,,1110110,土地1建物1車位0,四層,十二層,住宅大樓(11層含以上有電梯),住家用,鋼筋混凝土造,0711027,98.72999999999999,3,2,2,有,有,14380000,145650,,0.0,0,,RPWTMLOJLHHGFBA18DA,68.29,0.0,7.92,有,0512
文山區,房地(土地+建物),臺北市文山區景興路１９５號十一樓之３,4.92,商,,,1110123,土地1建物1車位0,十一層,十八層,住宅大樓(11層含以上有電梯),住家用,鋼骨鋼筋混凝土造,0831210,56.22,2,1,1,有,有,10900000,193881,,0.0,0,,RPTOMLLJLHHGFAA96DA,37.22,0.0,4.95,有,
萬華區,房地(土地+建物)+車位,臺北市萬華區萬大路４２３巷５２號十二樓之２,40.52,住,,,1110120,土地4建物1車位1,十二層,十四層,住宅大樓(11層含以上有電梯),住家用,鋼筋混凝土造,0970103,189.3,3,2,2,有,有,31600000,166931,坡道平面,0.0,0,,RPUNMLRJLHHGFBA67DA,103.07,0.0,9.77,有,0515
萬華區,房地(土地+建物),臺北市萬華區康定路１０３號十樓之６,3.53,商,,,1110123,土地1建物1車位0,十層,二十六層,住宅大樓(11層含以上有電梯),住家用,鋼骨造,1050331,52.129999999999995,1,1,1,有,有,10660000,204450,,0.0,0,,RPURMLOJLHHGFBA77DA,30.54,0.0,3.9,有,0516
內湖區,房地(土地+建物)+車位,臺北市內湖區新豐街７５號五樓,22.12,住,,,1110126,土地1建物1車位1,五層,八層,華廈(10層含以下有電梯),住家用,鋼筋混凝土造,1080530,107.86,2,1,1,有,有,24370000,225941,塔式車位,21.78,0,,RPQRMLNJLHHGFCA37DA,46.05,3.37,6.49,有,0517
中山區,房地(土地+建物)+車位,臺北市中山區中山北路三段５３號八樓之２,14.3,商,,,1110108,土地1建物1車位1,八層,十一層,住宅大樓(11層含以上有電梯),住家用,鋼筋混凝土造,1101013,170.47,0,1,2,有,有,43580000,319226,坡道平面,43.35,3000000,,RPSNMLPJLHHGFCA37DA,74.19,0.0,10.15,有,0518
內湖區,房地(土地+建物)+車位,臺北市內湖區金豐街５０號十樓,34.55,都市：其他:工商混合區(不得作住宅使用)。,,,1110108,土地1建物1車位1,十層,十層,華廈(10層含以下有電梯),辦公用,鋼筋混凝土造,0991124,170.74,3,2,2,有,有,25350000,148471,坡道平面,36.65,0,,RPUOMLQLJHHGFCA77DA,78.23,8.96,4.64,有,
信義區,房地(土地+建物),臺北市信義區基隆路一段１４３號十樓之１,4.38,商,,,1110126,土地1建物1車位0,十層,十三層,住宅大樓(11層含以上有電梯),辦公用,鋼骨造,0950126,68.33,0,0,0,無,有,18400000,269281,,0.0,0,,RPXOMLMLKHHGFDA87DA,37.84,0.0,6.41,有,
南港區,房地(土地+建物),臺北市南港區興南街５２巷２２號三樓,21.75,住,,,1110103,土地2建物1車位0,三層,四層,公寓(5樓含以下無電梯),住家用,鋼筋混凝土造,0660517,62.94,3,2,2,有,無,10000000,158881,,0.0,0,,RPQOMLRJLHHGFDA57DA,54.23,0.0,8.71,無,
信義區,房地(土地+建物),臺北市信義區吳興街２８４巷２４弄２４號四樓,35.25,住,,,1110124,土地1建物1車位0,四層，陽台,四層,公寓(5樓含以下無電梯),住家用,鋼筋混凝土造,0640825,97.4,3,2,2,有,無,16400000,168378,,0.0,0,,RPQOMLLJLHHGFDA96DA,97.4,0.0,0.0,無,
松山區,房地(土地+建物),臺北市松山區民生東路五段１５３號十三樓之３,4.49,商,,,1110102,土地1建物1車位0,十三層,十五層,住宅大樓(11層含以上有電梯),住家用,鋼筋混凝土造,0720129,52.44,1,1,1,有,有,11700000,223112,,0.0,0,,RPTOMLLJLHHGFDA27DA,40.64,0.0,3.6,有,
士林區,房地(土地+建物)+車位,臺北市士林區基河路３００巷２７號十三樓,38.8,住,,,1110117,土地1建物1車位2,十三層,十三層,住宅大樓(11層含以上有電梯),住家用,鋼筋混凝土造,1101117,275.61,4,2,2,有,有,65000000,279753,坡道平面,60.42,4800000,,RPWOMLPLKHHGFEA18DA,118.35,6.21,15.72,有,
士林區,房地(土地+建物)+車位,臺北市士林區基河路３００巷２９號三樓,33.7,住,,,1110112,土地1建物1車位1,三層,十三層,住宅大樓(11層含以上有電梯),住家用,鋼筋混凝土造,1101117,218.09,3,2,2,有,有,50480000,256973,坡道平面,30.21,2200000,,RPRSMLPLKHHGFEA08DA,104.01,10.5,7.99,有,
士林區,房地(土地+建物)+車位,臺北市士林區基河路３００巷２７號十樓,38.5,住,,,1110105,土地1建物1車位1,十層,十三層,住宅大樓(11層含以上有電梯),住家用,鋼筋混凝土造,1101117,244.97000000000003,4,2,2,有,有,61300000,275191,坡道平面,30.21,2200000,,RPSSMLPLKHHGFEA18DA,118.63,5.7,15.72,有,
大同區,房地(土地+建物)+車位,臺北市大同區承德路三段６９號十樓之３,8.78,商,,,1110126,土地1建物1車位1,十層,十四層,住宅大樓(11層含以上有電梯),住家用,鋼筋混凝土造,1070723,95.29,2,1,1,有,有,19100000,249610,塔式車位,24.78,1500000,,RPPUMLOJLHHGFBA67EA,33.62,5.38,2.52,有,0521
中山區,房地(土地+建物)+車位,臺北市中山區敬業三路１６２巷２１２號四樓,47.09,住,,,1110122,土地1建物1車位1,四層,十層,華廈(10層含以下有電梯),住家用,鋼筋混凝土造,0890628,155.43,3,2,2,有,有,28000000,180145,坡道平面,0.0,0,,RPOQMLLKJHHGFCA86EA,77.59,0.0,8.1,有,
南港區,房地(土地+建物),臺北市南港區忠孝東路六段２７８巷３５弄１３號,31.33,住,,,1110118,土地1建物1車位0,一層,三層,公寓(5樓含以下無電梯),住家用,加強磚造,,54.0,3,2,1,有,無,15600000,288889,,0.0,0,,RPSOMLRJLHHGFDA87EA,54.0,0.0,0.0,無,
大安區,房地(土地+建物),臺北市大安區溫州街４９巷４號,57.25,住,,,1110117,土地2建物1車位0,一層,四層,公寓(5樓含以下無電梯),住家用,鋼筋混凝土造,,98.96,3,2,2,有,無,35000000,353678,,0.0,0,,RPPNMLSJLHHGFFA77EA,98.96,0.0,0.0,無,
士林區,房地(土地+建物),臺北市士林區重慶北路四段８１號二樓之２,27.41,住,,,1110120,土地1建物1車位0,二層,七層,華廈(10層含以下有電梯),住家用,鋼筋混凝土造,0680123,140.28,1,1,1,有,有,18800000,134018,,0.0,0,,RPTNMLSJLHHGFEA08EA,110.19,0.0,17.53,有,
大安區,房地(土地+建物),臺北市大安區濟南路三段３１號,35.0,住,,,1110108,土地1建物1車位0,一層,七層,華廈(10層含以下有電梯),住家用,鋼筋混凝土造,0730220,180.88,1,0,2,有,無,63000000,348297,,0.0,0,,RPQNMLRJLHHGFFA77EA,137.24,14.24,0.0,有,
大安區,房地(土地+建物),臺北市大安區和平東路三段１０６號七樓之９,4.28,商,,,1110122,土地2建物1車位0,七層,十二層,住宅大樓(11層含以上有電梯),辦公用,鋼筋混凝土造,0930409,38.34,2,2,1,有,有,13750000,358633,,0.0,0,,RPVNMLLKKHHGFFA67EA,25.02,0.0,0.0,有,
松山區,房地(土地+建物),臺北市松山區南京東路五段２９１巷４４弄７號,77.0,住,,,1110109,土地1建物1車位0,全,二層,透天厝,,加強磚造,,72.0,3,1,3,有,無,35000000,486111,,0.0,0,,RPRPMLSJLHHGFDA97EA,72.0,0.0,0.0,無,
信義區,房地(土地+建物),臺北市信義區文昌街３１６號十二樓之９,4.83,商,,,1110124,土地1建物1車位0,十二層,十四層,住宅大樓(11層含以上有電梯),辦公用,鋼筋混凝土造,0910925,44.370000000000005,2,1,1,有,有,12500000,281722,,0.0,0,,RPUNMLLLKHHGFDA47EA,27.87,0.0,2.91,有,
萬華區,房地(土地+建物),臺北市萬華區中華路二段３３２號三樓之１７,10.38,都市：其他:第三種住宅區。,,,1110126,土地4建物1車位0,三層,五層,公寓(5樓含以下無電梯),住家用,鋼筋混凝土造,0570816,28.05,1,1,1,有,有,3600000,128342,,0.0,0,,RPXOMLSJLHHGFBA28EA,28.05,0.0,0.0,無,
士林區,房地(土地+建物),臺北市士林區平菁街９９號,268.64,都市：其他:保護區。,,,1110117,土地1建物1車位0,全,二層,透天厝,農業用,鋼筋混凝土造,0940325,46.99,3,1,3,有,無,11250000,239413,,0.0,0,,RPOPMLSJLHHGFEA67DA,43.23,0.83,2.93,無,
內湖區,房地(土地+建物)+車位,臺北市內湖區內湖路一段７０３號五樓,26.03,商,,,1110122,土地1建物1車位2,五層,十四層,住宅大樓(11層含以上有電梯),住家用,鋼筋混凝土造,1001028,299.7,4,2,3,有,有,60000000,228405,坡道平面,58.9,5000000,,RPRRMLOKKHHGFCA57DA,135.14,12.84,12.93,有,
內湖區,房地(土地+建物)+車位,臺北市內湖區金湖路１２５號八樓,53.9,住,,,1110123,土地1建物1車位3,八層,二十六層,住宅大樓(11層含以上有電梯),住家用,鋼骨造,1011121,431.43,5,2,3,有,有,102000000,271328,坡道平面,86.46,8400000,,RPTSMLRJLHHGFCA18DA,198.55,3.41,21.44,有,
北投區,房地(土地+建物),臺北市北投區懷德街７８巷１３號三樓,38.41,住,,,1111004,土地1建物1車位0,三層,五層,公寓(5樓含以下無電梯),住家用,鋼筋混凝土造,0671227,147.88,3,2,2,有,無,28800000,194753,,0.0,0,,RPOOMLOJIIHGFEA96DA,108.67,0.0,21.06,無,
北投區,房地(土地+建物)+車位,臺北市北投區中央北路四段５４１巷３號十三樓,19.33,住,,,1111005,土地1建物1車位1,十三層,十八層,住宅大樓(11層含以上有電梯),住家用,鋼筋混凝土造,1101216,135.78,2,1,1,有,有,22300000,217738,坡道平面,41.63,1800000,,RPPNMLPJIIHGFEA07DA,51.54,2.05,7.86,有,001
南港區,房地(土地+建物)+車位,臺北市南港區重陽路４７０號十二樓之３,31.83,住,,,1110913,土地1建物1車位2,十二層,十五層,住宅大樓(11層含以上有電梯),住家用,鋼筋混凝土造,0990419,255.70999999999998,3,2,2,有,有,67000000,293213,坡道平面,47.68,6000000,,RPWQMLOLQHHGFDA88EA,152.84,4.8,15.62,有,
中山區,房地(土地+建物),臺北市中山區民權東路一段７２號三樓，三樓之１至１１,13.17,商,,,1110902,土地1建物1車位0,三層,十一層,住宅大樓(11層含以上有電梯),住商用,鋼筋混凝土造,0670119,116.89,0,0,0,無,有,14850000,127043,,0.0,0,,RPWNMLKMRHHGFCA28EA,116.89,0.0,0.0,有,020
北投區,房地(土地+建物),臺北市北投區溫泉路６５巷１６號七樓之５,5.96,都市：其他:特定觀光商業專用區。,,,1110920,土地2建物1車位0,七層,十二層,住宅大樓(11層含以上有電梯),住家用,鋼筋混凝土造,0670104,62.31,2,2,1,有,有,8800000,141229,,0.0,0,,RPSNMLKMRHHGFEA97DA,48.0,0.0,8.0,有,
松山區,房地(土地+建物)+車位,臺北市松山區三民路２９巷１號十一樓之２,44.73,住,,,1110902,土地2建物1車位1,十一層,十四層,住宅大樓(11層含以上有電梯),住家用,鋼筋混凝土造,0931111,210.01999999999998,4,2,2,有,有,51000000,242834,坡道平面,0.0,3000000,,RPTNMLSLRHHGFDA68DA,117.42,4.07,11.24,有,
萬華區,房地(土地+建物)+車位,臺北市萬華區萬大路４２３巷４２號十一樓,40.52,住,,,1110906,土地4建物1車位1,十一層,十四層,住宅大樓(11層含以上有電梯),住家用,鋼筋混凝土造,0970103,189.3,3,2,2,有,有,30300000,160063,坡道平面,0.0,0,,RPQNMLQKRHHGFBA87DA,103.07,0.0,9.77,有,
南港區,房地(土地+建物)+車位,臺北市南港區經貿二路２４５號三樓之１,16.59,住,,,1110909,土地1建物1車位1,三層,十三層,住宅大樓(11層含以上有電梯),住家用,鋼筋混凝土造,1020222,117.49000000000001,1,1,1,有,有,28000000,238318,塔式車位,0.0,0,,RPTOMLMJIIHGFDA17DA,54.62,4.56,4.5,有,031
士林區,房地(土地+建物)+車位,臺北市士林區基河路３００巷２１號五樓,34.78,住,,,1110915,土地1建物1車位1,五層,十三層,住宅大樓(11層含以上有電梯),住家用,鋼筋混凝土造,1101117,224.3,3,2,2,有,無,54500000,268432,坡道平面,30.21,2400000,,RPUQMLTKRHHGFEA56DA,107.67,10.88,7.99,有,
大安區,房地(土地+建物),臺北市大安區瑞安街２０８巷３９號四樓之３,7.89,住,,,1110912,土地1建物1車位0,四層,七層,華廈(10層含以下有電梯),住家用,鋼筋混凝土造,1040511,41.74,1,1,1,有,有,13320000,319118,,0.0,0,,RPOOMLNLRHHGFFA97DA,19.18,0.0,6.51,有,
內湖區,房地(土地+建物)+車位,臺北市內湖區星雲街１６１巷２號十二樓,22.51,住,,,1110917,土地1建物1車位1,十二層,十四層,住宅大樓(11層含以上有電梯),住家用,鋼筋混凝土造,0940712,142.18,2,2,2,有,有,30700000,215923,坡道平面,0.0,0,,RPVPMLNJIIHGFCA57EA,68.7,0.0,6.6,有,
士林區,房地(土地+建物),臺北市士林區承德路四段８０巷５７之２號四樓,24.72,住,,,1110906,土地1建物1車位0,四層,五層,公寓(5樓含以下無電梯),住家用,鋼筋混凝土造,0740802,85.93,3,2,1,有,無,14350000,166996,,0.0,0,,RPPNMLOJIIHGFEA07EA,75.55,0.0,7.24,無,
大安區,房地(土地+建物),臺北市大安區安居街８４巷１６號三樓,32.47,住,,,1110905,土地1建物1車位0,三層,四層,公寓(5樓含以下無電梯),住家用,鋼筋混凝土造,0660318,94.86,3,2,2,有,無,19800000,208729,,0.0,0,,RPSPMLNKPHHGFFA28EA,82.4,0.0,12.46,無,037
大安區,房地(土地+建物),臺北市大安區和平東路二段３１１巷５３號四樓,21.05,住,,,1110901,土地1建物1車位0,四層,十九層,住宅大樓(11層含以上有電梯),住家用,鋼筋混凝土造,0740522,109.05,3,2,2,有,有,26280000,240968,,0.0,0,,RPXNMLPJIIHGFFA08EA,82.05,1.56,7.76,有,039
中山區,房地(土地+建物),臺北市中山區中山北路一段５３巷２６號三樓之７,11.59,商,,,1110903,土地1建物1車位0,三層,十層,華廈(10層含以下有電梯),住家用,鋼筋混凝土造,0971030,69.36,1,2,1,有,有,18020000,259804,,0.0,0,,RPWPMLTJQHHGFCA98EA,38.12,2.39,2.87,有,047
文山區,房地(土地+建物),臺北市文山區景華街１２８巷２２號三樓,29.86,,,,1110903,土地2建物1車位0,三層,五層,公寓(5樓含以下無電梯),住家用,鋼筋混凝土造,0720902,108.68,3,2,2,有,有,14500000,133419,,0.0,0,,RPQOMLOJIIHGFAA86EA,93.38,0.0,15.3,無,
文山區,房地(土地+建物),臺北市文山區下崙路２９之３號三樓,41.25,住,,,1110914,土地3建物1車位0,三層,四層,公寓(5樓含以下無電梯),住家用,鋼筋混凝土造,,109.09,3,2,2,有,無,14650000,134293,,0.0,0,,RPPNMLPJIIHGFAA76EA,75.99,0.0,13.94,無,049
萬華區,房地(土地+建物),臺北市萬華區環河南路一段７１號六樓之２５,2.32,商,,,1110915,土地1建物1車位0,六層,十二層,住宅大樓(11層含以上有電梯),住家用,鋼筋混凝土造,0660829,22.16,0,0,0,無,有,2800000,126354,,0.0,0,,RPUNMLOJIIHGFBA27EA,17.61,0.0,0.0,有,050
內湖區,房地(土地+建物)+車位,臺北市內湖區康寧路三段１８９巷２１弄２３號四樓之３,12.13,商,,,1110908,土地1建物1車位1,四層,十四層,住宅大樓(11層含以上有電梯),住家用,鋼筋混凝土造,1020506,128.72,2,2,1,有,有,25990000,264051,坡道平面,39.76,2500000,,RPOPMLTLRHHGFCA38DA,53.13,3.95,3.06,有,052
大同區,房地(土地+建物),臺北市大同區重慶北路三段２０３之３號十一樓之３,6.21,住,,,1110912,土地2建物1車位0,十一層,十二層,住宅大樓(11層含以上有電梯),住家用,鋼筋混凝土造,1090728,50.41,0,0,0,無,有,13420000,266217,,0.0,0,,RPSOMLNJIIHGFBA96DA,25.1,1.85,3.63,有,
萬華區,房地(土地+建物),臺北市萬華區昆明街４６號七樓之２９,4.63,商,,,1110913,土地1建物1車位0,七層,八層,華廈(10層含以下有電梯),住家用,鋼筋混凝土造,0761221,31.259999999999998,1,0,1,有,有,5980000,191299,,0.0,0,,RPUOMLNJIIHGFBA17DA,23.07,0.0,0.0,有,
大同區,房地(土地+建物),臺北市大同區南京西路４３６號十樓之４,4.52,都市：其他:特定專用區(供一般商業使用) 但是否在道路用地(公共設施用地)(應依建築線或俟地籍測量分割後，再確定)。,,,1110913,土地4建物1車位0,十層,十二層,住宅大樓(11層含以上有電梯),,鋼筋混凝土造,0670815,54.61,0,0,0,無,有,11500000,210584,,0.0,0,,RPROMLOJIIHGFBA96DA,39.43,0.0,6.23,有,
文山區,房地(土地+建物)+車位,臺北市文山區政大一街２９５號四樓,39.04,住,,,1110903,土地1建物1車位1,四層,五層,華廈(10層含以下有電梯),住家用,鋼筋混凝土造,1031113,121.31,2,2,1,有,有,18800000,190433,坡道平面,33.09,2000000,,RPPPMLOJIIHGFAA76DA,53.08,0.58,6.23,有,059
內湖區,房地(土地+建物),臺北市內湖區文德路６６巷６９弄２２號二樓,26.87,住,,,1110902,土地1建物1車位0,二層,五層,公寓(5樓含以下無電梯),住家用,鋼筋混凝土造,0721230,106.63,3,2,2,有,無,17000000,159430,,0.0,0,,RPUNMLNLRHHGFCA18DA,82.32,0.0,13.46,無,
內湖區,房地(土地+建物),臺北市內湖區民權東路六段９０巷５弄１５號二樓,29.16,住,,,1110902,土地2建物1車位0,二層,五層,公寓(5樓含以下無電梯),住家用,鋼筋混凝土造,0701028,107.25,3,2,2,有,無,15000000,139860,,0.0,0,,RPUOMLOJIIHGFCA37DA,92.9,0.0,14.35,無,
內湖區,房地(土地+建物)+車位,臺北市內湖區港華街５１巷８弄１８號七樓之２,16.9,住,,,1110912,土地1建物1車位2,七層,九層,華廈(10層含以下有電梯),住家用,鋼筋混凝土造,0971017,133.73000000000002,3,2,2,有,有,28400000,242117,坡道機械,31.3,3600000,,RPTPMLOJIIHGFCA37DA,55.11,8.25,5.34,有,065
大安區,房地(土地+建物),臺北市大安區建國南路一段３１８巷１號四樓,46.17,住,,,1110902,土地1建物1車位0,四層,六層,華廈(10層含以下有電梯),住家用,鋼筋混凝土造,,175.61,5,1,3,有,有,45000000,256250,,0.0,0,,RPRNMLNLRHHGFFA18DA,163.02,0.0,12.59,有,
大同區,房地(土地+建物),臺北市大同區民權西路２６８號十一樓之２,3.46,商,,,1110902,土地1建物1車位0,十一層,十五層,住宅大樓(11層含以上有電梯),住家用,鋼筋混凝土造,1110209,40.71,0,0,1,有,無,10900000,267747,,0.0,0,,RPSOMLPJIIHGFBA27EA,22.76,2.08,0.0,有,
大安區,房地(土地+建物),臺北市大安區臥龍街２８８號三樓,43.15,住,,,1110920,土地1建物1車位0,三層,五層,公寓(5樓含以下無電梯),住家用,鋼筋混凝土造,0810224,127.58999999999999,3,2,2,有,無,25500000,199859,,0.0,0,,RPQOMLOJIIHGFFA27DA,104.39,2.0,12.21,無,
內湖區,房地(土地+建物)+車位,臺北市內湖區文湖街２１巷８２弄２３號三樓之１,17.7,住,,,1110904,土地1建物1車位1,三層,七層,華廈(10層含以下有電梯),住家用,鋼筋混凝土造,1110715,94.47999999999999,0,0,0,無,有,19890000,226300,升降機械,14.1,1700000,,RPPQMLPJIIHGFCA27EA,37.99,6.01,5.08,有,
內湖區,房地(土地+建物),臺北市內湖區文湖街２１巷８２弄２３號,0.04,住,,,1110904,土地1建物1車位0,一層,七層,華廈(10層含以下有電梯),辦公用,鋼筋混凝土造,1110715,0.26,0,0,0,無,有,50000,0,,0.0,0,,SPPQMLPJIIHGFCA37EA,0.0,0.0,0.0,有,071
內湖區,房地(土地+建物)+車位,臺北市內湖區文湖街２１巷８２弄２５號四樓之１,17.7,住,,,1110912,土地1建物1車位1,四層,七層,華廈(10層含以下有電梯),住家用,鋼筋混凝土造,1110715,94.47999999999999,0,0,0,無,有,19930000,226798,升降機械,14.1,1700000,,RPQQMLPJIIHGFCA37EA,37.99,6.01,5.08,有,
內湖區,房地(土地+建物),臺北市內湖區文湖街２１巷８２弄２３號,0.04,住,,,1110912,土地1建物1車位0,一層,七層,華廈(10層含以下有電梯),辦公用,鋼筋混凝土造,1110715,0.26,0,0,0,無,有,50000,0,,0.0,0,,SPQQMLPJIIHGFCA47EA,0.0,0.0,0.0,有,071
內湖區,房地(土地+建物)+車位,臺北市內湖區文湖街２１巷８２弄２３號三樓,17.01,住,,,1110907,土地1建物1車位1,三層,七層,華廈(10層含以下有電梯),住家用,鋼筋混凝土造,1110715,91.38,0,0,0,無,有,19080000,224896,升降機械,14.1,1700000,,RPRQMLPJIIHGFCA47EA,38.39,5.86,2.95,有,
內湖區,房地(土地+建物),臺北市內湖區文湖街２１巷８２弄２３號,0.04,住,,,1110907,土地1建物1車位0,一層,七層,華廈(10層含以下有電梯),辦公用,鋼筋混凝土造,1110715,0.26,0,0,0,無,有,50000,0,,0.0,0,,SPRQMLPJIIHGFCA57EA,0.0,0.0,0.0,有,071
信義區,房地(土地+建物),臺北市信義區吳興街６００巷１１４號三樓,29.12,住,,,1110922,土地1建物1車位0,三層,十一層,住宅大樓(11層含以上有電梯),住家用,鋼筋混凝土造,0820806,150.08,4,2,2,有,有,23600000,157249,,0.0,0,,RPRNMLQJIIHGFDA37EA,115.75,0.0,15.77,有,
大安區,房地(土地+建物),臺北市大安區敦化南路一段３１４號六樓之３,11.79,住,,,1110916,土地1建物1車位0,六層，陽臺,十四層,住宅大樓(11層含以上有電梯),,鋼筋混凝土造,0640301,144.51,3,2,2,有,有,35000000,242198,,0.0,0,,RPVNMLPJIIHGFFA87EA,125.51,0.0,0.0,有,
士林區,房地(土地+建物),臺北市士林區文昌路２４號,22.25,住,,,1110917,土地1建物1車位0,四層,四層,公寓(5樓含以下無電梯),住家用,加強磚造,0590303,80.3,3,2,2,有,無,11250000,140100,,0.0,0,,RPRPMLPJIIHGFEA57EA,80.3,0.0,0.0,無,075
文山區,房地(土地+建物)+車位,臺北市文山區富山路１號三樓,32.69,住,,,1110827,土地3建物1車位1,三層,七層,華廈(10層含以下有電梯),住家用,鋼筋混凝土造,0980417,145.56,3,2,2,有,有,27400000,188239,坡道平面,0.0,1500000,,RPQOMLTLRHHGFAA28DA,76.29,7.19,8.42,有,
中山區,房地(土地+建物),臺北市中山區合江街２９號三樓之１,4.99,住,,,1110829,土地1建物1車位0,三層,九層,華廈(10層含以下有電梯),住家用,鋼筋混凝土造,0970822,30.67,1,0,1,有,有,7170000,233779,,0.0,0,,RPQPMLQLQHHGFCA18DA,15.38,1.42,2.07,有,077
中山區,房地(土地+建物),臺北市中山區林森北路５５７巷３號六樓之２,12.82,商,,,1110814,土地1建物1車位0,六層,九層,華廈(10層含以下有電梯),住家用,鋼筋混凝土造,0990702,69.63,1,1,1,有,有,16850000,241993,,0.0,0,,RPWPMLLMQHHGFCA38DA,36.88,3.35,4.57,有,
內湖區,房地(土地+建物)+車位,臺北市內湖區金湖路９３號四樓,30.58,住,,,1110830,土地1建物1車位1,四層,十四層,住宅大樓(11層含以上有電梯),住家用,鋼筋混凝土造,0990518,197.51,4,2,2,有,有,43000000,217710,坡道機械,0.0,0,,RPROMLMKRHHGFCA77DA,105.87,8.34,11.59,有,
大安區,房地(土地+建物),臺北市大安區和平東路一段５０巷１弄８號四樓之６,8.52,商,,,1110827,土地2建物1車位0,四層,七層,華廈(10層含以下有電梯),住家用,鋼筋混凝土造,0970414,40.39,1,1,1,有,有,13880000,343649,,0.0,0,,RPROMLTLQHHGFFA78DA,22.51,0.0,3.19,有,
大安區,房地(土地+建物)+車位,臺北市大安區敦化南路一段１３８號十三樓之３,12.36,住,,,1110818,土地2建物1車位1,十三層,二十三層,住宅大樓(11層含以上有電梯),住家用,鋼骨鋼筋混凝土造,1090909,197.05,3,2,2,有,有,81680000,468411,坡道平面,32.28,4500000,,RPTOMLNLRHHGFFA48DA,98.43,4.39,7.23,有,
南港區,房地(土地+建物),臺北市南港區福德街４４７號十七樓,29.6,住,,,1110823,土地1建物1車位0,十七層,十八層,住宅大樓(11層含以上有電梯),住家用,鋼筋混凝土造,0870521,174.74,4,2,2,有,有,28000000,160238,,0.0,0,,RPWNMLKMRHHGFDA38EA,96.35,0.0,8.34,有,
中正區,房地(土地+建物),臺北市中正區南昌路二段１１２號十樓之７,4.28,商,,,1110814,土地1建物1車位0,十層,十一層,住宅大樓(11層含以上有電梯),住家用,鋼筋混凝土造,0851127,36.34,1,1,1,有,有,8500000,233902,,0.0,0,,RPWNMLKMRHHGFAA08EA,20.06,6.02,2.67,有,
大安區,房地(土地+建物),臺北市大安區敦化南路二段２８號十二樓之１,11.87,住,,,1110829,土地2建物1車位0,十二層,十八層,住宅大樓(11層含以上有電梯),住家用,鋼筋混凝土造,0760711,151.85,3,2,2,有,有,55300000,364175,,0.0,0,,RPQOMLSLRHHGFFA68DA,113.86,0.48,12.96,有,
士林區,房地(土地+建物),臺北市士林區中山北路六段２９０巷２３弄１號二樓,38.23,住,,,1110830,土地1建物1車位0,二層,五層,公寓(5樓含以下無電梯),住家用,鋼筋混凝土造,0740107,147.64,4,2,2,有,無,21000000,142238,,0.0,0,,RPVOMLRLRHHGFEA98DA,123.26,0.0,10.49,無,
內湖區,房地(土地+建物)+車位,臺北市內湖區行善路２０５號三樓,22.58,住,,,1110815,土地2建物1車位1,三層,十五層,住宅大樓(11層含以上有電梯),住家用,鋼筋混凝土造,1101125,149.3,3,2,2,有,無,32650000,255810,坡道平面,31.83,2600000,,RPXNMLLMQHHGFCA28DA,69.96,0.0,6.37,有,087
中山區,房地(土地+建物),臺北市中山區南京東路二段１０８號十七樓之３,2.97,商,,,1110808,土地3建物1車位0,十七層,十八層,住宅大樓(11層含以上有電梯),住家用,鋼骨造,0990917,46.790000000000006,1,1,1,有,有,13980000,298782,,0.0,0,,RPWOMLQLQHHGFCA68DA,25.41,1.29,3.49,有,
內湖區,房地(土地+建物)+車位,臺北市內湖區民權東路六段２２２之１號六樓,61.87,住,,,1110819,土地2建物1車位2,六層,十一層,住宅大樓(11層含以上有電梯),住家用,鋼骨鋼筋混凝土造,0960731,253.10000000000002,3,2,2,有,有,44800000,217581,坡道平面,70.18,5000000,,RPSOMLQKRHHGFCA28DA,113.79,3.16,10.11,有,093
內湖區,房地(土地+建物)+車位,臺北市內湖區民權東路六段１２３巷３４弄２８號九樓,33.03,商,,,1110802,土地1建物1車位2,九層,十四層,住宅大樓(11層含以上有電梯),住家用,鋼筋混凝土造,1040724,371.84000000000003,0,1,0,有,有,69800000,212222,坡道平面,66.5,5000000,,RPQOMLRLRHHGFCA28DA,178.83,10.43,24.35,有,094
內湖區,房地(土地+建物),臺北市內湖區成功路四段６１巷３５弄７號三樓,27.98,住,,,1110826,土地1建物1車位0,三層,五層,公寓(5樓含以下無電梯),住家用,鋼筋混凝土造,0720809,91.59,3,2,2,有,無,14500000,158314,,0.0,0,,RPWPMLNLRHHGFCA58DA,75.45,0.0,8.74,無,
中山區,房地(土地+建物)+車位,臺北市中山區植福路２８６巷２８號三十五樓,64.35,都市：其他:娛樂區(供觀光旅館使用)。,,,1110823,土地1建物1車位3,三十五層,四十二層,住宅大樓(11層含以上有電梯),住家用,鋼骨造,1031229,586.01,0,0,0,無,有,330000000,675192,坡道平面,113.7,11100000,,RPQRMLNLRHHGFCA18DA,298.09,0.0,34.51,有,
中山區,房地(土地+建物),臺北市中山區中山北路二段５９巷９號六樓之２,16.0,商,,,1110829,土地3建物1車位0,六層,六層,華廈(10層含以下有電梯),住家用,鋼筋混凝土造,0661116,79.65,2,2,1,有,有,18320000,230006,,0.0,0,,RPVNMLSLRHHGFCA78DA,79.65,0.0,0.0,有,096
內湖區,房地(土地+建物),臺北市內湖區大湖山莊街２１９巷３４弄１號二樓之２,14.66,住,,,1110823,土地1建物1車位0,二層,六層,華廈(10層含以下有電梯),住家用,鋼筋混凝土造,0810717,48.449999999999996,1,1,1,有,有,9000000,185759,,0.0,0,,RPPPMLKMRHHGFCA67DA,33.5,0.0,3.3,有,
中山區,房地(土地+建物),臺北市中山區新生北路一段５４號十四樓之２、十四樓之３,6.55,商,,,1110816,土地1建物1車位0,十四層,十四層,住宅大樓(11層含以上有電梯),住家用,鋼筋混凝土造,0770613,65.66,2,2,1,有,有,15680000,238806,,0.0,0,,RPRNMLNJIIHGFCA86DA,43.22,0.62,4.0,有,
士林區,房地(土地+建物),臺北市士林區延平北路五段２４５巷８號二樓,31.21,住,,,1110803,土地1建物1車位0,二層,五層,公寓(5樓含以下無電梯),住家用,鋼筋混凝土造,0680326,97.04,3,2,2,有,無,13000000,133965,,0.0,0,,RPWOMLMJQHHGFEA28DA,87.77,0.0,9.27,無,
大安區,房地(土地+建物)+車位,臺北市大安區羅斯福路二段８５號十一樓,9.38,商,,,1110810,土地2建物1車位1,十一層,十五層,住宅大樓(11層含以上有電梯),住家用,鋼骨造,1101028,137.42000000000002,2,2,2,有,有,48900000,432117,坡道平面,33.05,3800000,,RPPNMLRJRHHGFFA18DA,58.2,6.85,3.64,有,
中山區,房地(土地+建物),臺北市中山區錦州街５０號十樓之２,3.38,商,,,1110816,土地2建物1車位0,十層,十三層,住宅大樓(11層含以上有電梯),住家用,鋼筋混凝土造,0730927,37.86,1,1,1,有,有,6250000,165082,,0.0,0,,RPQOMLNJIIHGFCA96EA,25.83,0.0,4.4,有,099
中山區,房地(土地+建物)+車位,臺北市中山區中山北路一段８４號五樓之７,3.76,商,,,1110816,土地1建物1車位1,五層,十三層,住宅大樓(11層含以上有電梯),住家用,鋼筋混凝土造,0980327,49.08,0,0,0,無,有,11000000,237322,升降機械,9.06,1500000,,RPVOMLNJIIHGFCA47EA,19.87,1.27,3.85,有,101
南港區,房地(土地+建物),臺北市南港區向陽路１６２巷９７號二樓,32.15,住,,,1110828,土地1建物1車位0,二層,九層,華廈(10層含以下有電梯),住家用,鋼筋混凝土造,0931230,128.01999999999998,3,2,2,有,有,29480000,230277,,0.0,0,,RPXQMLOLQHHGFDA98EA,81.66,1.74,10.23,有,
士林區,房地(土地+建物),臺北市士林區中山北路七段８２巷３號三樓,48.88,住,,,1110827,土地1建物1車位0,三層，陽臺,四層,公寓(5樓含以下無電梯),住家用,鋼筋混凝土造,0641230,132.13,3,2,2,有,無,20800000,157421,,0.0,0,,RPUQMLMKMHHGFEA08EA,132.13,0.0,0.0,無,
文山區,房地(土地+建物)+車位,臺北市文山區萬壽路７５號三樓,56.4,住,,,1110831,土地1建物1車位1,三層,五層,華廈(10層含以下有電梯),住家用,鋼筋混凝土造,0970527,124.93,2,2,2,有,有,18230000,152105,坡道機械,14.94,1500000,,RPUQMLTJOHHGFAA48EA,65.01,5.63,6.37,有,103
士林區,房地(土地+建物),臺北市士林區天母東路１０５巷３１之２號,20.75,住,,,1110810,土地1建物2車位0,一層,五層,公寓(5樓含以下無電梯),住家用,鋼筋混凝土造,0680105,84.56,2,1,1,有,有,16300000,192763,,0.0,0,,RPUOMLRLRHHGFEA88DA,58.86,0.0,14.27,無,
北投區,房地(土地+建物)+車位,臺北市北投區大屯路９之１號二樓,28.18,住,,,1110804,土地1建物1車位1,二層,七層,華廈(10層含以下有電梯),住家用,鋼筋混凝土造,1110127,82.63,2,1,1,有,有,13500000,173900,其他,14.2,1600000,,RPWNMLKLRHHGFEA28DA,42.85,0.0,4.36,有,
中山區,房地(土地+建物)+車位,臺北市中山區新生北路二段６２巷８號十樓之２,17.23,商,,,1110822,土地1建物1車位2,十層,十九層,住宅大樓(11層含以上有電梯),住家用,鋼骨鋼筋混凝土造,1050322,277.13,4,2,2,有,有,65970000,238039,坡道平面,66.44,0,,RPSPMLLLRHHGFCA97DA,170.1,7.09,6.98,有,
萬華區,房地(土地+建物),臺北市萬華區青年路１６８巷２弄４２號四樓之１,18.55,住,,,1110826,土地2建物1車位0,四層，陽臺,五層,公寓(5樓含以下無電梯),住家用,鋼筋混凝土造,0640523,50.48,2,1,1,有,無,8000000,158479,,0.0,0,,RPUOMLOJIIHGFBA27DA,50.48,0.0,0.0,無,
大同區,房地(土地+建物),臺北市大同區迪化街二段２１５號,102.0,住,,,1110819,土地1建物1車位0,全,二層,透天厝,,加強磚造,,142.68,5,2,2,有,無,35000000,245304,,0.0,0,,RPSNMLQKRHHGFBA08DA,142.68,0.0,0.0,無,
大同區,房地(土地+建物),臺北市大同區重慶北路三段２０３之３號三樓之２,8.6,住,,,1110817,土地2建物1車位0,三層,十二層,住宅大樓(11層含以上有電梯),住家用,鋼筋混凝土造,1090728,69.71000000000001,0,0,0,無,有,18360000,263377,,0.0,0,,RPUOMLTLQHHGFBA68DA,33.08,8.28,0.93,有,
萬華區,房地(土地+建物)+車位,臺北市萬華區康定路１０３號二十四樓之１,3.79,商,,,1110826,土地1建物1車位1,二十四層,二十六層,住宅大樓(11層含以上有電梯),住家用,鋼骨造,1050331,70.52000000000001,0,0,0,無,有,13575000,192471,坡道機械,16.84,0,,RPOQMLOJIIHGFBA86DA,30.18,0.0,5.16,有,110
內湖區,房地(土地+建物),臺北市內湖區港華街５３號三樓,43.48,住,,,1110818,土地1建物1車位0,三層,五層,公寓(5樓含以下無電梯),住家用,鋼筋混凝土造,0740726,101.67,3,2,2,有,無,20000000,196715,,0.0,0,,RPXQMLSJRHHGFCA09DA,88.85,0.0,12.82,無,
信義區,房地(土地+建物),臺北市信義區吳興街１１８巷３５弄１號五樓,28.2,住,,,1110818,土地1建物1車位0,五層,六層,華廈(10層含以下有電梯),住家用,鋼筋混凝土造,0760613,139.38,4,2,2,有,無,33200000,238198,,0.0,0,,RPVNMLSJRHHGFDA68DA,99.85,0.0,13.25,有,111
信義區,房地(土地+建物),臺北市信義區忠孝東路五段５３６號十一樓,20.19,住,,,1110829,土地1建物1車位0,十一層,十二層,住宅大樓(11層含以上有電梯),住家用,鋼筋混凝土造,0751106,143.04000000000002,3,2,2,有,有,33300000,232802,,0.0,0,,RPUNMLLLRHHGFDA08DA,123.81,0.0,14.21,有,
文山區,房地(土地+建物),臺北市文山區景興路１０２巷９號,33.5,住,,,1110821,土地1建物1車位0,一層,四層,公寓(5樓含以下無電梯),住家用,加強磚造,0571130,105.95,3,2,1,有,無,20600000,194431,,0.0,0,,RPPOMLPJIIHGFAA86EA,105.95,0.0,0.0,無,
大安區,房地(土地+建物)+車位,臺北市大安區羅斯福路二段８５號四樓,9.38,商,,,1110829,土地2建物1車位1,四層,十五層,住宅大樓(11層含以上有電梯),住家用,鋼骨造,1101028,137.42000000000002,2,2,2,有,有,46460000,409696,坡道平面,33.05,3700000,,RPSOMLOJIIHGFFA47DA,58.2,6.85,3.64,有,
大安區,房地(土地+建物),臺北市大安區羅斯福路二段８５號十一樓之６,6.04,商,,,1110827,土地2建物1車位0,十一層,十五層,住宅大樓(11層含以上有電梯),住家用,鋼骨造,1101028,67.52,2,2,1,有,有,30200000,447275,,0.0,0,,RPVOMLOJIIHGFFA77DA,39.37,2.07,2.95,有,
內湖區,房地(土地+建物),臺北市內湖區康寧路三段１８９巷１４１弄３５號九樓,37.82,住,,,1110827,土地1建物1車位0,九層,十層,華廈(10層含以下有電梯),住家用,鋼筋混凝土造,0840518,116.94,3,2,2,有,有,21350000,182572,,0.0,0,,RPSOMLLKIIHGFCA07EA,77.34,0.0,10.26,有,
大安區,房地(土地+建物)+車位,臺北市大安區敦化南路一段１３８號五樓之３,12.55,住,,,1110831,土地2建物1車位1,五層,二十三層,住宅大樓(11層含以上有電梯),住家用,鋼骨鋼筋混凝土造,1090909,199.31,0,0,0,無,有,77000000,438245,坡道平面,32.28,3800000,,RPPNMLQJIIHGFFA37EA,100.05,4.39,6.97,有,
南港區,房地(土地+建物)+車位,臺北市南港區南深路１５號四樓之１,8.76,商,,,1110727,土地1建物1車位1,四層,九層,華廈(10層含以下有電梯),住家用,鋼筋混凝土造,0991109,75.72,0,2,1,有,有,11000000,140908,升降機械,8.3,1500000,,RPSTMLLJQHHGFDA28EA,36.91,1.31,3.34,有,
萬華區,房地(土地+建物)+車位,臺北市萬華區康定路１０３號十二樓之６,3.9,商,,,1110725,土地1建物1車位1,十二層,二十六層,住宅大樓(11層含以上有電梯),住家用,鋼骨造,1050331,85.83,1,1,1,有,有,12900000,150297,坡道平面,33.7,0,,RPUNMLSKQHHGFBA38DA,30.54,0.0,3.9,有,122
信義區,房地(土地+建物),臺北市信義區基隆路二段２０１號十樓,8.15,商,,,1110724,土地1建物1車位0,十層,十二層,住宅大樓(11層含以上有電梯),住家用,鋼筋混凝土造,0720315,101.26,3,2,2,有,有,22180000,219040,,0.0,0,,RPSTMLTKRHHGFDA56DA,76.37,0.0,4.78,有,
北投區,房地(土地+建物)+車位,臺北市北投區三合街一段８２巷９７號四樓,15.97,住,,,1110731,土地1建物1車位1,四層,九層,華廈(10層含以下有電梯),住家用,鋼筋混凝土造,1040708,109.34,1,2,1,有,有,20880000,190964,坡道機械,27.27,0,,RPXQMLTKRHHGFEA86DA,49.97,3.35,4.65,有,123
大安區,房地(土地+建物)+車位,臺北市大安區羅斯福路二段８５號十二樓之３,7.49,商,,,1110720,土地2建物1車位1,十二層,十五層,住宅大樓(11層含以上有電梯),住家用,鋼骨造,1101028,116.25999999999999,2,2,1,有,有,40500000,443456,坡道平面,33.05,3600000,,RPRNMLNJIIHGFFA17DA,47.68,4.83,2.25,有,
南港區,房地(土地+建物),臺北市南港區南港路二段３８巷３７號六樓,27.81,住,,,1110730,土地1建物1車位0,六層,十二層,住宅大樓(11層含以上有電梯),住家用,鋼筋混凝土造,0971201,134.49,3,2,2,有,有,36750000,273255,,0.0,0,,RPORMLOLQHHGFDA18EA,76.57,1.04,9.28,有,124
信義區,房地(土地+建物),臺北市信義區莊敬路４７７號四樓,25.38,商,,,1110719,土地1建物1車位0,四層,四層,公寓(5樓含以下無電梯),住家用,鋼筋混凝土造,0630627,79.98,3,2,1,有,無,14500000,181295,,0.0,0,,RPOOMLNJIIHGFDA76DA,79.98,0.0,0.0,無,126
松山區,房地(土地+建物)+車位,臺北市松山區健康路３２５巷２５弄１６號十二樓,18.09,住,,,1110711,土地1建物1車位1,十二層,十三層,住宅大樓(11層含以上有電梯),住家用,鋼筋混凝土造,1100323,170.86,0,0,0,無,有,46850000,335798,坡道平面,41.02,3250000,,RPQOMLPKRHHGFDA08DA,77.79,4.47,11.11,有,
大同區,房地(土地+建物),臺北市大同區南京西路２８８號五樓之１１,12.48,商,,,1110705,土地1建物1車位0,五層,十九層,住宅大樓(11層含以上有電梯),辦公用,鋼筋混凝土造,1011214,150.11,3,0,3,有,有,29740000,198121,,0.0,0,,RPXNMLKMRHHGFBA18DA,89.86,6.5,7.17,有,
大同區,房地(土地+建物),臺北市大同區南京西路２８８號五樓之１０,11.85,商,,,1110705,土地1建物1車位0,五層,十九層,住宅大樓(11層含以上有電梯),辦公用,鋼筋混凝土造,1011214,142.65,3,0,3,有,有,28260000,198107,,0.0,0,,RPSOMLTKRHHGFBA48DA,87.88,2.2,8.32,有,
內湖區,房地(土地+建物)+車位,臺北市內湖區康寧路三段７０巷３２號三樓,18.0,住,,,1110711,土地3建物1車位1,三層,四層,華廈(10層含以下有電梯),住家用,鋼筋混凝土造,0970903,105.92,3,2,1,有,有,24500000,286608,坡道平面,29.16,2500000,,RPXRMLOJIIHGFCA97DA,60.99,2.49,5.19,有,129
大安區,房地(土地+建物),臺北市大安區羅斯福路二段８５號四樓之３,7.42,商,,,1110715,土地2建物1車位0,四層,十五層,住宅大樓(11層含以上有電梯),住家用,鋼骨造,1101028,83.21,2,2,1,有,有,35500000,426631,,0.0,0,,RPTOMLOJIIHGFFA57DA,47.68,4.83,2.25,有,
南港區,房地(土地+建物),臺北市南港區成福路１９４巷１弄１號五樓,21.62,住,,,1110706,土地3建物1車位0,五層,五層,公寓(5樓含以下無電梯),住家用,鋼筋混凝土造,0720623,81.98,2,2,1,有,無,16680000,203464,,0.0,0,,RPPSMLOLQHHGFDA38EA,64.61,5.53,11.84,無,
大安區,房地(土地+建物),臺北市大安區辛亥路二段１７１巷１號六樓,33.12,住,,,1110617,土地1建物1車位0,六層,七層,華廈(10層含以下有電梯),住家用,鋼筋混凝土造,0690826,193.04000000000002,3,2,2,有,無,51000000,264194,,0.0,0,,RPSOMLTLRHHGFFA98DA,144.0,0.0,21.4,有,
萬華區,房地(土地+建物)+車位,臺北市萬華區康定路１０３號四樓之５,5.61,商,,,1110621,土地1建物1車位1,四層,二十六層,住宅大樓(11層含以上有電梯),住家用,鋼骨造,1050331,111.57,2,2,1,有,有,18800000,168504,坡道平面,33.7,0,,RPRPMLRLRHHGFBA38DA,43.47,1.32,6.53,有,131
松山區,房地(土地+建物),臺北市松山區南京東路五段２３９號四樓之２３,6.46,都市：其他:聯合開發區(捷)。,,,1110506,土地1建物1車位0,四層,十八層,住宅大樓(11層含以上有電梯),住家用,鋼筋混凝土造,0980331,80.72999999999999,1,2,1,有,有,24600000,304719,,0.0,0,,RPPOMLMJRHHGFDA57DA,44.26,0.0,9.0,有,134
北投區,房地(土地+建物)+車位,臺北市北投區三合街一段８２巷７８號四樓,20.86,住,,,1110529,土地1建物1車位1,四層,八層,華廈(10層含以下有電梯),住家用,鋼筋混凝土造,1040303,137.2,2,2,1,有,有,24600000,179300,坡道平面,37.73,0,,RPRNMLOJIIHGFEA17DA,57.11,2.54,5.98,有,137
南港區,房地(土地+建物),臺北市南港區福德街４１３號十二樓,21.15,住,,,1110401,土地1建物1車位0,十二層,十四層,住宅大樓(11層含以上有電梯),住家用,鋼筋混凝土造,0870521,127.53999999999999,3,2,1,有,有,24580000,192724,,0.0,0,,RPPRMLOLQHHGFDA28EA,69.44,0.0,8.06,有,138
